Loan_ID,Gender,Married,Dependents,Education,Self_Employed,ApplicantIncome,CoapplicantIncome,LoanAmount,Loan_Amount_Term,Credit_History,Property_Area,Loan_Status
LP00001,Female,Yes,0,Graduate,No,162754,35000,5311,180,1.0,Semiurban,Y
LP00002,Female,Yes,0,Graduate,No,162754,0,4763,180,0.0,Urban,N
LP00003,Male,Yes,0,Not Graduate,No,59874,26000,1700,360,0.0,Rural,N
LP00004,Male,No,0,Graduate,No,22026,0,3020,240,1.0,Urban,Y
LP00005,Male,Yes,3+,Graduate,No,59874,0,3224,360,1.0,Urban,Y
LP00006,Male,Yes,0,Graduate,No,162754,71000,1670,300,1.0,Rural,Y
LP00007,Male,Yes,0,Graduate,No,59874,15000,1949,120,1.0,Semiurban,Y
LP00008,Male,Yes,1,Graduate,No,442413,0,5871,360,1.0,Semiurban,Y
LP00009,Male,Yes,0,Graduate,No,442413,117000,9817,240,1.0,Semiurban,Y
LP00010,Male,No,1,Graduate,No,442413,170000,10892,120,0.0,Urban,N
LP00011,Female,Yes,1,Graduate,No,22026,8000,933,360,0.0,Rural,N
LP00012,Female,No,1,Graduate,No,59874,0,2909,120,1.0,Rural,Y
LP00013,Male,Yes,2,Graduate,Yes,59874,0,3219,300,1.0,Urban,Y
LP00014,Male,Yes,1,Graduate,Yes,22026,5000,1507,120,1.0,Semiurban,Y
LP00015,Male,No,0,Graduate,No,22026,10000,1512,360,1.0,Semiurban,Y
LP00016,Female,No,2,Graduate,No,22026,0,3033,300,0.0,Urban,N
LP00017,Female,Yes,2,Not Graduate,No,59874,0,1749,120,1.0,Semiurban,Y
LP00018,Male,No,0,Not Graduate,Yes,162754,0,7666,120,1.0,Urban,Y
LP00019,Male,Yes,1,Graduate,No,59874,0,1036,300,1.0,Rural,Y
LP00020,Female,Yes,1,Not Graduate,No,22026,16000,3047,180,1.0,Urban,Y
LP00021,Male,Yes,0,Not Graduate,No,162754,43000,5833,180,1.0,Semiurban,Y
LP00022,Male,Yes,2,Graduate,No,162754,42000,5266,300,1.0,Urban,Y
LP00023,Male,Yes,3+,Graduate,No,59874,37000,1647,180,0.0,Semiurban,N
LP00024,Male,Yes,3+,Not Graduate,No,22026,0,916,360,0.0,Rural,N
LP00025,Female,No,0,Graduate,No,22026,15000,3085,300,0.0,Urban,N
LP00026,Female,Yes,3+,Not Graduate,No,59874,20000,3203,120,1.0,Rural,Y
LP00027,Male,No,3+,Graduate,No,442413,119000,4425,240,1.0,Semiurban,Y
LP00028,Male,Yes,2,Graduate,No,162754,0,3013,300,1.0,Urban,Y
LP00029,Female,No,3+,Not Graduate,No,442413,265000,6420,120,1.0,Semiurban,Y
LP00030,Female,Yes,0,Graduate,No,59874,42000,2675,240,1.0,Semiurban,Y
LP00031,Female,Yes,0,Graduate,No,442413,263000,9945,240,1.0,Semiurban,Y
LP00032,Female,Yes,0,Not Graduate,Yes,442413,209000,9371,360,1.0,Urban,Y
LP00033,Male,Yes,0,Not Graduate,No,162754,0,4305,360,1.0,Rural,Y
LP00034,Male,No,2,Not Graduate,No,162754,82000,4152,360,0.0,Rural,N
LP00035,Female,Yes,0,Graduate,No,162754,0,2840,120,1.0,Rural,Y
LP00036,Male,Yes,1,Graduate,No,59874,0,3095,300,0.0,Semiurban,N
LP00037,Male,No,2,Not Graduate,No,59874,46000,3551,300,1.0,Urban,Y
LP00038,Male,Yes,1,Graduate,No,22026,6000,1568,360,1.0,Semiurban,Y
LP00039,Male,Yes,0,Graduate,Yes,22026,0,1543,240,1.0,Semiurban,Y
LP00040,Female,Yes,0,Graduate,No,59874,35000,1512,120,1.0,Rural,Y
LP00041,Male,Yes,0,Graduate,No,162754,0,9127,360,1.0,Urban,Y
LP00042,Male,Yes,3+,Graduate,No,442413,309000,3169,180,1.0,Semiurban,Y
LP00043,Male,No,2,Not Graduate,No,162754,0,3103,240,0.0,Urban,N
LP00044,Female,Yes,2,Not Graduate,No,442413,231000,9116,300,1.0,Semiurban,Y
LP00045,Female,Yes,2,Not Graduate,Yes,59874,26000,2524,120,0.0,Rural,N
LP00046,Female,Yes,3+,Not Graduate,No,442413,218000,18600,180,1.0,Urban,Y
LP00047,Male,No,0,Graduate,No,59874,27000,3338,360,1.0,Urban,Y
LP00048,Male,No,0,Not Graduate,No,59874,0,2659,360,0.0,Semiurban,N
LP00049,Female,Yes,1,Graduate,No,8103,0,3081,180,0.0,Urban,N
LP00050,Male,Yes,1,Graduate,Yes,162754,40000,1742,120,1.0,Rural,Y
LP00051,Male,Yes,3+,Graduate,No,162754,77000,6371,300,0.0,Semiurban,N
LP00052,Female,Yes,2,Not Graduate,No,59874,0,3160,120,1.0,Urban,Y
LP00053,Male,Yes,0,Graduate,No,162754,109000,4741,360,1.0,Semiurban,Y
LP00054,Female,No,0,Graduate,No,59874,0,3148,240,0.0,Semiurban,N
LP00055,Male,Yes,0,Graduate,No,22026,15000,3075,360,0.0,Urban,N
LP00056,Male,Yes,2,Graduate,No,59874,30000,2425,120,1.0,Rural,Y
LP00057,Male,No,2,Graduate,No,442413,209000,11270,240,1.0,Urban,Y
LP00058,Male,No,2,Graduate,No,59874,39000,3273,180,1.0,Urban,Y
LP00059,Female,Yes,2,Graduate,No,22026,12000,1528,120,0.0,Semiurban,N
LP00060,Male,No,1,Not Graduate,No,442413,0,7739,360,1.0,Urban,Y
LP00061,Female,Yes,3+,Not Graduate,No,59874,41000,3473,240,1.0,Rural,Y
LP00062,Male,Yes,1,Graduate,No,59874,0,3068,180,1.0,Semiurban,Y
LP00063,Female,Yes,2,Not Graduate,No,162754,81000,3568,120,1.0,Semiurban,Y
LP00064,Female,Yes,1,Graduate,No,59874,47000,3128,240,1.0,Semiurban,Y
LP00065,Female,No,2,Graduate,No,442413,0,5346,120,1.0,Semiurban,Y
LP00066,Female,Yes,0,Graduate,No,162754,0,6306,120,1.0,Semiurban,Y
LP00067,Male,Yes,1,Not Graduate,No,59874,30000,3146,360,1.0,Urban,Y
LP00068,Female,No,1,Graduate,No,442413,0,11195,300,1.0,Urban,Y
LP00069,Male,No,2,Graduate,No,59874,0,2624,300,1.0,Semiurban,Y
LP00070,Female,No,2,Not Graduate,No,59874,0,3043,180,1.0,Rural,Y
LP00071,Female,No,2,Graduate,Yes,22026,0,1593,240,1.0,Semiurban,Y
LP00072,Male,Yes,2,Not Graduate,No,22026,17000,1595,240,0.0,Semiurban,N
LP00073,Female,Yes,0,Not Graduate,No,59874,32000,3116,120,1.0,Semiurban,Y
LP00074,Female,No,1,Not Graduate,No,22026,12000,3028,360,1.0,Urban,Y
LP00075,Female,Yes,2,Graduate,Yes,22026,0,3068,180,1.0,Urban,N
LP00076,Female,No,1,Not Graduate,Yes,22026,17000,1588,120,1.0,Semiurban,Y
LP00077,Male,No,2,Graduate,No,442413,0,3501,180,0.0,Semiurban,N
LP00078,Male,Yes,3+,Graduate,No,162754,87000,2269,360,0.0,Rural,N
LP00079,Male,No,2,Graduate,No,442413,118000,1579,120,1.0,Rural,Y
LP00080,Male,Yes,0,Not Graduate,No,162754,43000,5129,360,0.0,Semiurban,N
LP00081,Male,No,2,Graduate,No,22026,13000,1229,300,0.0,Rural,N
LP00082,Male,Yes,0,Graduate,No,442413,249000,6749,120,0.0,Urban,N
LP00083,Female,No,2,Graduate,No,59874,15000,3320,300,1.0,Urban,Y
LP00084,Female,Yes,2,Graduate,Yes,162754,87000,3502,240,1.0,Semiurban,Y
LP00085,Female,No,1,Not Graduate,Yes,22026,6000,3028,300,0.0,Urban,N
LP00086,Male,Yes,0,Graduate,No,162754,92000,737,240,1.0,Rural,Y
LP00087,Female,Yes,0,Graduate,No,22026,5000,1527,360,1.0,Semiurban,Y
LP00088,Male,Yes,3+,Graduate,No,162754,0,8422,300,1.0,Urban,Y
LP00089,Male,Yes,0,Graduate,No,162754,63000,6237,180,0.0,Urban,N
LP00090,Female,No,2,Graduate,Yes,22026,7000,1585,360,0.0,Semiurban,N
LP00091,Male,No,0,Graduate,No,162754,73000,3818,120,1.0,Rural,Y
LP00092,Male,No,3+,Graduate,No,59874,0,3347,240,1.0,Urban,Y
LP00093,Female,Yes,1,Graduate,No,59874,17000,1099,120,1.0,Rural,Y
LP00094,Female,Yes,3+,Graduate,No,162754,95000,6795,360,0.0,Semiurban,N
LP00095,Female,Yes,0,Graduate,No,22026,0,3004,300,1.0,Urban,Y
LP00096,Female,No,1,Graduate,No,442413,303000,6767,180,1.0,Semiurban,Y
LP00097,Male,No,1,Not Graduate,No,22026,0,949,300,1.0,Rural,Y
LP00098,Female,Yes,2,Graduate,Yes,22026,10000,1592,240,0.0,Semiurban,N
LP00099,Female,Yes,0,Graduate,No,59874,17000,1768,120,1.0,Rural,Y
LP00100,Male,No,3+,Not Graduate,No,59874,0,3184,240,0.0,Urban,N
LP00101,Male,No,0,Not Graduate,Yes,162754,105000,3309,360,1.0,Urban,Y
LP00102,Male,Yes,0,Not Graduate,No,59874,0,2319,180,1.0,Rural,Y
LP00103,Female,No,0,Graduate,No,442413,240000,4282,300,1.0,Rural,Y
LP00104,Male,Yes,0,Graduate,No,59874,38000,3127,360,1.0,Urban,Y
LP00105,Female,Yes,3+,Graduate,No,59874,0,2199,120,1.0,Rural,Y
LP00106,Female,Yes,0,Not Graduate,No,162754,0,3773,300,1.0,Semiurban,Y
LP00107,Male,Yes,3+,Graduate,No,442413,295000,12868,180,1.0,Urban,Y
LP00108,Female,Yes,2,Graduate,No,162754,0,7280,120,1.0,Semiurban,Y
LP00109,Male,No,0,Not Graduate,Yes,162754,71000,2213,300,1.0,Semiurban,Y
LP00110,Male,No,0,Not Graduate,No,59874,0,1886,360,0.0,Rural,N
LP00111,Male,No,1,Not Graduate,No,22026,8000,1310,120,1.0,Rural,Y
LP00112,Male,No,1,Graduate,No,59874,24000,3376,120,1.0,Urban,Y
LP00113,Male,Yes,3+,Graduate,No,59874,0,3238,120,1.0,Semiurban,Y
LP00114,Male,Yes,0,Graduate,No,59874,0,2944,120,1.0,Semiurban,Y
LP00115,Male,Yes,2,Graduate,No,162754,0,3839,120,0.0,Semiurban,N
LP00116,Male,Yes,1,Graduate,No,59874,0,3078,300,1.0,Urban,Y
LP00117,Male,Yes,1,Graduate,Yes,59874,21000,3327,240,1.0,Semiurban,Y
LP00118,Female,Yes,0,Graduate,Yes,442413,350000,2563,240,1.0,Semiurban,Y
LP00119,Male,Yes,0,Not Graduate,No,22026,15000,3063,180,1.0,Urban,Y
LP00120,Female,Yes,1,Graduate,No,59874,42000,1013,120,0.0,Rural,N
LP00121,Female,Yes,2,Graduate,No,59874,28000,1008,120,1.0,Rural,Y
LP00122,Female,Yes,3+,Graduate,No,59874,0,3546,240,1.0,Urban,Y
LP00123,Female,Yes,1,Graduate,No,59874,0,832,120,1.0,Rural,Y
LP00124,Female,No,1,Graduate,No,59874,41000,2718,300,1.0,Semiurban,Y
LP00125,Female,Yes,1,Graduate,No,162754,66000,4071,300,1.0,Urban,Y
LP00126,Male,Yes,1,Graduate,Yes,162754,121000,3061,240,1.0,Rural,Y
LP00127,Male,No,1,Not Graduate,No,59874,0,3361,360,1.0,Urban,Y
LP00128,Female,No,0,Graduate,Yes,22026,5000,3072,120,1.0,Urban,Y
LP00129,Male,Yes,1,Graduate,No,162754,0,3726,120,1.0,Rural,Y
LP00130,Male,Yes,1,Graduate,Yes,162754,47000,4145,360,1.0,Urban,Y
LP00131,Male,Yes,3+,Not Graduate,No,162754,62000,6017,120,1.0,Urban,Y
LP00132,Male,No,3+,Graduate,No,162754,55000,7780,120,1.0,Urban,Y
LP00133,Male,No,2,Graduate,No,162754,0,5569,300,1.0,Urban,Y
LP00134,Male,Yes,1,Not Graduate,No,162754,79000,6640,300,0.0,Semiurban,N
LP00135,Male,Yes,1,Graduate,No,162754,126000,6390,240,1.0,Semiurban,Y
LP00136,Male,Yes,2,Graduate,No,162754,0,3610,360,0.0,Rural,N
LP00137,Male,Yes,2,Graduate,Yes,22026,14000,706,180,0.0,Rural,N
LP00138,Male,Yes,2,Graduate,Yes,22026,0,1234,240,1.0,Rural,Y
LP00139,Female,Yes,3+,Not Graduate,Yes,162754,106000,6762,240,1.0,Semiurban,Y
LP00140,Female,Yes,2,Not Graduate,Yes,59874,13000,2529,300,1.0,Rural,Y
LP00141,Female,No,0,Graduate,No,442413,259000,9592,360,0.0,Semiurban,N
LP00142,Male,No,0,Not Graduate,No,22026,0,1522,180,1.0,Semiurban,Y
LP00143,Female,Yes,1,Graduate,No,442413,90000,10717,300,1.0,Urban,Y
LP00144,Male,Yes,0,Graduate,No,59874,45000,1980,240,1.0,Semiurban,Y
LP00145,Female,Yes,0,Not Graduate,No,442413,331000,5078,360,1.0,Semiurban,Y
LP00146,Female,Yes,1,Graduate,No,442413,0,7910,360,1.0,Urban,Y
LP00147,Female,Yes,2,Not Graduate,No,22026,0,967,300,1.0,Rural,Y
LP00148,Male,Yes,0,Graduate,No,59874,14000,3483,120,1.0,Urban,Y
LP00149,Male,No,2,Not Graduate,No,442413,329000,2814,300,1.0,Semiurban,Y
LP00150,Female,Yes,0,Graduate,No,22026,0,1559,240,1.0,Semiurban,Y
LP00151,Male,Yes,2,Graduate,No,442413,0,3512,300,1.0,Urban,Y
LP00152,Male,No,3+,Graduate,Yes,162754,46000,5336,240,0.0,Semiurban,N
LP00153,Female,Yes,1,Graduate,No,22026,0,3035,240,1.0,Urban,Y
LP00154,Female,Yes,1,Graduate,No,162754,0,3844,300,1.0,Rural,Y
LP00155,Male,No,1,Not Graduate,No,442413,345000,3696,360,1.0,Semiurban,Y
LP00156,Male,Yes,1,Graduate,No,59874,0,3192,120,0.0,Urban,N
LP00157,Male,No,0,Graduate,No,442413,0,18693,120,0.0,Urban,N
LP00158,Male,Yes,0,Graduate,No,22026,11000,1597,300,0.0,Semiurban,N
LP00159,Female,Yes,1,Graduate,No,59874,27000,3200,180,1.0,Urban,Y
LP00160,Male,No,2,Graduate,No,59874,0,1193,240,1.0,Rural,Y
LP00161,Male,Yes,3+,Not Graduate,No,162754,37000,8256,120,1.0,Semiurban,Y
LP00162,Male,Yes,1,Graduate,No,442413,0,3869,360,1.0,Rural,Y
LP00163,Male,Yes,3+,Graduate,No,442413,0,3939,120,1.0,Semiurban,Y
LP00164,Male,No,0,Not Graduate,No,59874,15000,3095,120,1.0,Urban,Y
LP00165,Male,Yes,1,Not Graduate,Yes,59874,47000,674,360,1.0,Rural,Y
LP00166,Male,Yes,3+,Not Graduate,No,59874,13000,2090,180,1.0,Semiurban,Y
LP00167,Female,Yes,0,Graduate,No,59874,0,3323,180,1.0,Rural,Y
LP00168,Male,Yes,2,Graduate,No,59874,0,2345,240,1.0,Rural,Y
LP00169,Male,No,1,Graduate,No,162754,41000,6112,180,1.0,Urban,Y
LP00170,Male,Yes,0,Graduate,No,8103,4000,3013,300,1.0,Urban,N
LP00171,Male,Yes,1,Graduate,No,22026,16000,3073,180,1.0,Urban,Y
LP00172,Male,Yes,0,Graduate,No,162754,103000,7864,300,1.0,Urban,Y
LP00173,Male,Yes,0,Graduate,No,162754,113000,3730,360,1.0,Semiurban,Y
LP00174,Male,Yes,1,Graduate,No,442413,0,7937,240,1.0,Semiurban,Y
LP00175,Female,Yes,3+,Graduate,No,162754,0,8675,240,1.0,Urban,Y
LP00176,Female,Yes,0,Graduate,Yes,59874,33000,3575,360,0.0,Semiurban,N
LP00177,Female,Yes,0,Not Graduate,No,162754,0,3408,180,1.0,Rural,Y
LP00178,Female,Yes,3+,Graduate,No,8103,4000,3028,360,1.0,Urban,N
LP00179,Male,No,1,Graduate,No,22026,6000,3044,180,1.0,Urban,Y
LP00180,Male,Yes,1,Not Graduate,No,162754,96000,9066,180,1.0,Urban,Y
LP00181,Male,Yes,1,Not Graduate,No,59874,13000,2308,360,1.0,Semiurban,Y
LP00182,Male,Yes,2,Not Graduate,No,59874,0,1574,120,1.0,Rural,Y
LP00183,Male,No,0,Graduate,No,59874,0,3086,240,1.0,Urban,Y
LP00184,Male,Yes,0,Graduate,No,59874,45000,2183,180,1.0,Semiurban,Y
LP00185,Male,Yes,1,Graduate,No,22026,11000,3052,300,1.0,Urban,Y
LP00186,Male,Yes,0,Not Graduate,No,59874,39000,3562,300,1.0,Urban,Y
LP00187,Male,Yes,1,Not Graduate,No,162754,0,1338,300,1.0,Rural,Y
LP00188,Female,Yes,0,Not Graduate,Yes,22026,0,1205,360,1.0,Rural,Y
LP00189,Female,Yes,0,Graduate,No,22026,0,3021,360,1.0,Urban,Y
LP00190,Male,No,3+,Graduate,Yes,442413,319000,1587,180,1.0,Rural,Y
LP00191,Female,No,2,Graduate,No,22026,13000,1551,120,1.0,Semiurban,Y
LP00192,Male,No,0,Graduate,No,59874,25000,3129,120,1.0,Semiurban,Y
LP00193,Male,Yes,0,Not Graduate,No,59874,0,1688,120,1.0,Semiurban,Y
LP00194,Male,No,1,Graduate,No,59874,18000,3095,240,1.0,Urban,Y
LP00195,Male,Yes,3+,Graduate,No,59874,37000,3218,120,1.0,Urban,Y
LP00196,Female,Yes,2,Not Graduate,No,8103,0,1513,120,1.0,Semiurban,N
LP00197,Female,Yes,2,Not Graduate,Yes,22026,0,950,180,1.0,Rural,Y
LP00198,Female,Yes,1,Graduate,No,22026,0,3040,300,1.0,Urban,Y
LP00199,Male,Yes,0,Graduate,No,442413,321000,19965,180,1.0,Urban,Y
LP00200,Female,No,2,Graduate,No,59874,12000,3324,240,1.0,Urban,Y
LP00201,Female,Yes,1,Not Graduate,No,162754,0,2267,240,1.0,Rural,Y
LP00202,Male,Yes,1,Graduate,No,162754,0,3647,240,1.0,Urban,Y
LP00203,Male,No,1,Graduate,No,59874,38000,737,180,1.0,Rural,Y
LP00204,Male,Yes,2,Graduate,Yes,8103,3000,3100,360,0.0,Urban,N
LP00205,Male,Yes,2,Not Graduate,No,162754,84000,8835,240,0.0,Urban,N
LP00206,Male,Yes,2,Graduate,Yes,162754,0,521,360,1.0,Rural,Y
LP00207,Female,Yes,1,Graduate,Yes,162754,105000,2339,300,1.0,Rural,Y
LP00208,Male,Yes,1,Graduate,No,442413,107000,12250,300,1.0,Urban,Y
LP00209,Male,Yes,1,Graduate,No,59874,0,1300,300,1.0,Rural,Y
LP00210,Male,No,0,Graduate,No,22026,9000,1513,240,1.0,Semiurban,Y
LP00211,Female,Yes,3+,Not Graduate,Yes,8103,4000,3058,240,0.0,Urban,N
LP00212,Male,No,0,Graduate,No,22026,0,1217,300,0.0,Rural,N
LP00213,Male,Yes,0,Not Graduate,Yes,8103,3000,568,120,1.0,Rural,Y
LP00214,Male,No,0,Not Graduate,No,59874,17000,2957,180,1.0,Semiurban,Y
LP00215,Male,Yes,2,Graduate,No,162754,0,1645,120,1.0,Rural,Y
LP00216,Male,Yes,1,Not Graduate,No,162754,0,4619,120,0.0,Urban,N
LP00217,Male,Yes,3+,Not Graduate,No,59874,41000,3508,300,1.0,Urban,Y
LP00218,Male,Yes,0,Not Graduate,Yes,22026,12000,1511,120,1.0,Semiurban,Y
LP00219,Male,Yes,3+,Graduate,No,442413,184000,4470,360,1.0,Rural,Y
LP00220,Male,Yes,1,Graduate,No,162754,0,4906,360,0.0,Urban,N
LP00221,Male,No,0,Not Graduate,No,442413,300000,8692,240,1.0,Urban,Y
LP00222,Female,No,0,Not Graduate,No,59874,44000,2765,300,1.0,Semiurban,Y
LP00223,Male,Yes,1,Graduate,No,162754,0,9573,180,0.0,Urban,N
LP00224,Male,No,2,Not Graduate,No,59874,0,1878,120,1.0,Rural,Y
LP00225,Male,Yes,3+,Not Graduate,No,59874,45000,2414,240,1.0,Semiurban,Y
LP00226,Female,Yes,0,Graduate,No,162754,50000,5119,240,1.0,Semiurban,Y
LP00227,Male,Yes,0,Graduate,No,162754,98000,6658,240,1.0,Urban,Y
LP00228,Male,No,2,Graduate,No,22026,9000,1512,300,0.0,Semiurban,N
LP00229,Female,Yes,2,Graduate,No,8103,0,509,120,1.0,Rural,Y
LP00230,Male,No,3+,Graduate,No,59874,34000,1143,300,1.0,Rural,Y
LP00231,Male,No,1,Graduate,No,59874,0,3510,300,1.0,Semiurban,Y
LP00232,Male,No,1,Graduate,Yes,22026,8000,3060,300,1.0,Urban,Y
LP00233,Female,Yes,1,Graduate,No,22026,7000,1572,240,1.0,Semiurban,Y
LP00234,Male,Yes,1,Not Graduate,No,162754,85000,5360,300,1.0,Semiurban,Y
LP00235,Male,No,2,Graduate,No,162754,0,1916,300,0.0,Rural,N
LP00236,Male,Yes,0,Not Graduate,No,22026,0,589,120,1.0,Rural,Y
LP00237,Male,Yes,0,Graduate,No,59874,27000,2820,180,1.0,Rural,Y
LP00238,Female,Yes,0,Graduate,No,22026,12000,3022,120,1.0,Urban,Y
LP00239,Male,Yes,2,Graduate,No,59874,44000,3345,120,0.0,Urban,N
LP00240,Male,No,0,Not Graduate,Yes,59874,0,2977,300,1.0,Rural,Y
LP00241,Male,Yes,2,Not Graduate,No,162754,0,4651,240,1.0,Rural,Y
LP00242,Male,Yes,3+,Graduate,Yes,22026,0,3059,240,1.0,Urban,Y
LP00243,Female,Yes,0,Graduate,No,162754,0,5118,180,1.0,Urban,Y
LP00244,Male,Yes,1,Not Graduate,No,59874,13000,3441,120,0.0,Semiurban,N
LP00245,Female,Yes,0,Graduate,No,442413,188000,18040,240,1.0,Urban,Y
LP00246,Female,Yes,0,Graduate,No,59874,23000,2473,120,1.0,Rural,Y
LP00247,Female,Yes,2,Graduate,No,22026,16000,913,360,1.0,Rural,Y
LP00248,Female,No,0,Graduate,No,162754,0,8622,180,1.0,Urban,Y
LP00249,Female,No,2,Graduate,No,162754,0,2618,180,1.0,Rural,Y
LP00250,Female,No,2,Graduate,No,59874,0,1704,360,1.0,Rural,Y
LP00251,Male,Yes,1,Graduate,No,22026,11000,1506,300,0.0,Semiurban,N
LP00252,Male,No,3+,Not Graduate,Yes,22026,0,820,180,1.0,Rural,Y
LP00253,Male,Yes,2,Graduate,No,162754,94000,8529,300,0.0,Semiurban,N
LP00254,Male,Yes,0,Graduate,No,162754,0,5556,240,1.0,Urban,Y
LP00255,Male,Yes,0,Not Graduate,No,162754,0,5807,180,0.0,Urban,N
LP00256,Male,No,2,Graduate,No,22026,6000,884,120,0.0,Rural,N
LP00257,Male,Yes,0,Not Graduate,No,22026,9000,1532,360,1.0,Semiurban,Y
LP00258,Female,Yes,2,Graduate,No,22026,0,1515,360,1.0,Semiurban,Y
LP00259,Female,Yes,1,Not Graduate,No,22026,0,1008,360,0.0,Rural,N
LP00260,Male,Yes,0,Graduate,No,442413,0,5692,120,1.0,Semiurban,Y
LP00261,Male,No,0,Graduate,No,162754,74000,1278,120,0.0,Rural,N
LP00262,Male,Yes,0,Not Graduate,No,59874,0,3410,120,1.0,Urban,Y
LP00263,Male,No,2,Graduate,No,22026,17000,606,180,1.0,Rural,Y
LP00264,Female,Yes,1,Graduate,Yes,442413,0,3350,300,0.0,Semiurban,N
LP00265,Male,Yes,2,Graduate,No,162754,0,3060,240,1.0,Semiurban,Y
LP00266,Female,Yes,0,Not Graduate,No,22026,11000,1521,300,1.0,Semiurban,Y
LP00267,Male,Yes,3+,Graduate,No,22026,15000,1511,300,0.0,Semiurban,N
LP00268,Male,No,0,Graduate,No,22026,8000,3071,360,1.0,Urban,Y
LP00269,Female,No,1,Graduate,No,162754,97000,3368,300,1.0,Semiurban,Y
LP00270,Male,Yes,2,Graduate,No,162754,105000,3876,300,1.0,Urban,Y
LP00271,Male,Yes,2,Graduate,No,59874,0,3126,360,1.0,Urban,Y
LP00272,Female,Yes,1,Graduate,Yes,162754,123000,1922,180,1.0,Rural,Y
LP00273,Male,Yes,1,Not Graduate,No,442413,161000,6319,240,1.0,Semiurban,Y
LP00274,Female,No,0,Not Graduate,No,442413,0,6260,360,1.0,Semiurban,Y
LP00275,Female,Yes,2,Not Graduate,Yes,162754,87000,8339,360,1.0,Semiurban,Y
LP00276,Female,Yes,0,Graduate,No,8103,6000,3018,240,0.0,Urban,N
LP00277,Female,Yes,2,Graduate,No,162754,105000,6185,360,1.0,Urban,Y
LP00278,Male,No,3+,Graduate,No,59874,0,1331,240,1.0,Rural,Y
LP00279,Female,No,2,Not Graduate,No,162754,108000,6319,180,1.0,Semiurban,Y
LP00280,Female,No,0,Graduate,No,59874,0,3158,300,1.0,Urban,Y
LP00281,Female,Yes,2,Graduate,No,162754,0,7304,240,1.0,Urban,Y
LP00282,Male,Yes,1,Graduate,No,22026,0,3067,360,1.0,Urban,Y
LP00283,Male,No,1,Graduate,No,162754,0,8591,120,0.0,Urban,N
LP00284,Male,Yes,2,Graduate,No,59874,23000,1812,180,1.0,Rural,Y
LP00285,Female,Yes,3+,Graduate,Yes,162754,74000,4684,120,1.0,Urban,Y
LP00286,Female,Yes,3+,Not Graduate,Yes,22026,0,1571,240,1.0,Semiurban,Y
LP00287,Female,No,1,Graduate,No,22026,0,3008,360,1.0,Urban,Y
LP00288,Male,No,0,Not Graduate,No,162754,0,6882,120,1.0,Urban,Y
LP00289,Male,No,2,Not Graduate,No,59874,43000,1545,240,1.0,Semiurban,Y
LP00290,Male,Yes,1,Not Graduate,No,442413,260000,3833,360,1.0,Semiurban,Y
LP00291,Male,No,0,Graduate,No,442413,211000,1099,360,1.0,Rural,Y
LP00292,Female,Yes,0,Graduate,No,162754,0,5689,300,1.0,Urban,Y
LP00293,Male,Yes,1,Graduate,No,8103,0,1535,300,0.0,Semiurban,N
LP00294,Female,Yes,1,Graduate,No,162754,46000,4609,360,1.0,Urban,Y
LP00295,Female,Yes,0,Graduate,No,59874,45000,3266,360,1.0,Urban,Y
LP00296,Female,Yes,0,Not Graduate,No,59874,0,3010,360,1.0,Urban,Y
LP00297,Female,No,1,Graduate,No,59874,47000,2969,300,1.0,Semiurban,Y
LP00298,Male,Yes,2,Graduate,No,442413,0,3191,240,1.0,Semiurban,Y
LP00299,Male,No,2,Graduate,No,59874,42000,3257,360,1.0,Urban,Y
LP00300,Male,No,1,Graduate,No,8103,0,1527,240,1.0,Semiurban,N
LP00301,Male,Yes,2,Graduate,No,22026,12000,3002,300,1.0,Urban,Y
LP00302,Male,Yes,3+,Graduate,Yes,59874,35000,851,240,1.0,Rural,Y
LP00303,Male,Yes,1,Graduate,No,162754,82000,8932,180,1.0,Urban,Y
LP00304,Male,Yes,0,Graduate,No,162754,50000,819,360,0.0,Rural,N
LP00305,Male,No,0,Graduate,No,22026,10000,1547,300,0.0,Semiurban,N
LP00306,Female,Yes,2,Graduate,No,162754,57000,1186,180,1.0,Rural,Y
LP00307,Female,Yes,0,Not Graduate,No,8103,5000,1552,240,1.0,Semiurban,Y
LP00308,Male,No,1,Graduate,No,162754,80000,9425,240,1.0,Semiurban,Y
LP00309,Male,Yes,2,Not Graduate,No,59874,18000,3582,180,1.0,Semiurban,Y
LP00310,Female,No,0,Not Graduate,Yes,22026,5000,3047,180,1.0,Urban,Y
LP00311,Male,Yes,3+,Graduate,No,162754,95000,1675,300,1.0,Semiurban,Y
LP00312,Male,Yes,1,Graduate,No,8103,0,3011,180,0.0,Urban,N
LP00313,Female,Yes,1,Graduate,No,8103,0,1574,360,1.0,Semiurban,Y
LP00314,Male,Yes,3+,Graduate,No,8103,0,1565,120,0.0,Semiurban,N
LP00315,Female,No,1,Not Graduate,No,162754,77000,1948,300,1.0,Semiurban,Y
LP00316,Female,Yes,2,Not Graduate,No,162754,0,3023,240,1.0,Semiurban,Y
LP00317,Female,Yes,1,Graduate,No,59874,45000,3510,180,1.0,Urban,Y
LP00318,Male,Yes,2,Not Graduate,No,8103,4000,597,120,0.0,Rural,N
LP00319,Female,No,1,Graduate,No,59874,0,1647,360,1.0,Rural,Y
LP00320,Male,Yes,3+,Graduate,No,162754,0,4268,360,1.0,Rural,Y
LP00321,Male,No,1,Graduate,No,22026,0,851,360,1.0,Rural,Y
LP00322,Female,Yes,2,Graduate,Yes,59874,0,3241,240,1.0,Urban,Y
LP00323,Female,Yes,2,Not Graduate,No,22026,13000,3092,360,1.0,Urban,Y
LP00324,Female,Yes,0,Graduate,No,162754,58000,7590,240,1.0,Urban,Y
LP00325,Female,Yes,1,Graduate,No,162754,128000,7318,240,1.0,Semiurban,Y
LP00326,Male,Yes,1,Graduate,No,162754,92000,1084,300,1.0,Rural,Y
LP00327,Male,Yes,2,Not Graduate,No,162754,106000,8877,360,1.0,Semiurban,Y
LP00328,Female,No,3+,Not Graduate,Yes,8103,4000,3098,120,1.0,Urban,N
LP00329,Female,Yes,0,Graduate,No,22026,0,634,180,1.0,Rural,Y
LP00330,Male,No,2,Graduate,No,59874,31000,2947,360,1.0,Rural,Y
LP00331,Female,No,1,Graduate,No,59874,0,1998,240,1.0,Rural,Y
LP00332,Male,No,0,Graduate,No,162754,0,6299,300,1.0,Semiurban,Y
LP00333,Female,Yes,0,Not Graduate,No,162754,54000,6458,120,1.0,Urban,Y
LP00334,Male,No,0,Graduate,No,22026,0,3081,120,1.0,Urban,Y
LP00335,Male,No,1,Graduate,Yes,22026,0,1232,180,1.0,Rural,Y
LP00336,Male,Yes,1,Not Graduate,No,59874,0,1729,180,1.0,Semiurban,Y
LP00337,Male,Yes,0,Not Graduate,No,22026,9000,1531,300,1.0,Semiurban,Y
LP00338,Female,Yes,3+,Graduate,No,59874,0,3533,360,1.0,Urban,Y
LP00339,Male,Yes,1,Graduate,No,59874,0,2894,240,1.0,Rural,Y
LP00340,Male,No,1,Graduate,No,22026,17000,3007,120,1.0,Urban,Y
LP00341,Male,Yes,0,Graduate,No,59874,38000,3047,120,1.0,Semiurban,Y
LP00342,Male,Yes,0,Not Graduate,No,59874,0,3567,360,1.0,Urban,Y
LP00343,Male,Yes,2,Graduate,No,162754,93000,2456,240,1.0,Rural,Y
LP00344,Female,Yes,2,Not Graduate,Yes,22026,0,3005,120,0.0,Urban,N
LP00345,Male,No,0,Graduate,Yes,162754,101000,2304,240,1.0,Semiurban,Y
LP00346,Female,Yes,1,Not Graduate,Yes,22026,10000,1313,240,1.0,Rural,Y
LP00347,Female,Yes,0,Graduate,No,442413,230000,2082,180,1.0,Rural,Y
LP00348,Male,No,1,Graduate,No,162754,49000,8079,180,1.0,Semiurban,Y
LP00349,Female,Yes,1,Not Graduate,No,442413,257000,5443,240,1.0,Semiurban,Y
LP00350,Female,Yes,3+,Graduate,No,442413,352000,1607,240,1.0,Semiurban,Y
LP00351,Male,No,0,Not Graduate,No,162754,48000,6771,120,1.0,Urban,Y
LP00352,Male,Yes,2,Graduate,No,162754,49000,1281,360,1.0,Rural,Y
LP00353,Male,No,1,Graduate,Yes,59874,43000,3562,180,1.0,Rural,Y
LP00354,Female,Yes,0,Graduate,No,59874,0,3456,300,1.0,Urban,Y
LP00355,Male,Yes,1,Not Graduate,Yes,162754,58000,7110,300,1.0,Urban,Y
LP00356,Male,Yes,1,Graduate,No,59874,0,1824,300,1.0,Rural,Y
LP00357,Male,Yes,1,Graduate,No,162754,0,8048,240,0.0,Urban,N
LP00358,Male,No,0,Not Graduate,Yes,22026,0,1518,360,0.0,Semiurban,N
LP00359,Female,Yes,2,Graduate,No,59874,0,3264,360,1.0,Urban,Y
LP00360,Female,No,1,Not Graduate,No,8103,3000,3083,300,0.0,Urban,N
LP00361,Male,No,2,Not Graduate,No,59874,0,3520,300,0.0,Urban,N
LP00362,Female,Yes,0,Graduate,No,8103,3000,595,300,1.0,Rural,Y
LP00363,Male,Yes,1,Graduate,No,162754,120000,6090,120,1.0,Semiurban,Y
LP00364,Male,No,1,Graduate,No,59874,23000,2848,360,1.0,Semiurban,Y
LP00365,Male,No,1,Not Graduate,No,162754,75000,8375,180,0.0,Urban,N
LP00366,Male,No,0,Graduate,No,442413,198000,5985,300,1.0,Semiurban,Y
LP00367,Male,Yes,0,Not Graduate,No,162754,0,7386,120,1.0,Semiurban,Y
LP00368,Female,Yes,1,Graduate,No,22026,17000,1552,240,1.0,Semiurban,Y
LP00369,Female,Yes,0,Graduate,No,162754,119000,8133,300,1.0,Semiurban,Y
LP00370,Female,Yes,3+,Graduate,No,59874,0,1673,300,0.0,Semiurban,N
LP00371,Male,Yes,3+,Graduate,No,442413,323000,4279,240,1.0,Rural,Y
LP00372,Female,No,1,Graduate,Yes,59874,32000,3193,300,1.0,Semiurban,Y
LP00373,Male,Yes,3+,Not Graduate,No,59874,18000,3093,120,1.0,Urban,Y
LP00374,Male,Yes,2,Graduate,No,59874,32000,2164,180,0.0,Semiurban,N
LP00375,Male,No,1,Graduate,No,59874,0,1514,180,1.0,Semiurban,Y
LP00376,Female,Yes,0,Not Graduate,No,59874,0,1526,360,1.0,Semiurban,Y
LP00377,Male,Yes,1,Not Graduate,Yes,59874,36000,3305,360,1.0,Urban,Y
LP00378,Female,Yes,0,Graduate,No,162754,68000,3025,120,1.0,Semiurban,Y
LP00379,Male,No,2,Not Graduate,No,59874,24000,3537,300,1.0,Urban,Y
LP00380,Male,No,1,Graduate,No,162754,115000,7297,240,0.0,Semiurban,N
LP00381,Male,Yes,2,Graduate,No,22026,0,524,120,1.0,Rural,Y
LP00382,Male,Yes,1,Graduate,No,59874,21000,1760,120,1.0,Rural,Y
LP00383,Male,No,0,Graduate,No,442413,0,9349,240,0.0,Semiurban,N
LP00384,Male,Yes,3+,Graduate,No,59874,23000,2774,240,1.0,Rural,Y
LP00385,Male,No,2,Not Graduate,No,22026,13000,1084,180,1.0,Rural,Y
LP00386,Female,Yes,2,Not Graduate,No,162754,62000,5476,360,1.0,Urban,Y
LP00387,Male,Yes,0,Graduate,No,442413,0,4789,300,1.0,Rural,Y
LP00388,Male,No,1,Not Graduate,No,59874,0,3045,240,1.0,Urban,Y
LP00389,Male,Yes,1,Graduate,No,59874,0,2814,180,1.0,Semiurban,Y
LP00390,Female,No,0,Graduate,Yes,59874,32000,1079,240,0.0,Rural,N
LP00391,Female,Yes,0,Graduate,No,8103,2000,1506,300,1.0,Semiurban,Y
LP00392,Female,Yes,2,Graduate,No,59874,15000,3581,300,1.0,Urban,Y
LP00393,Female,No,1,Graduate,No,59874,0,2556,360,0.0,Semiurban,N
LP00394,Female,No,3+,Graduate,Yes,59874,0,2021,240,1.0,Semiurban,Y
LP00395,Male,No,0,Graduate,Yes,162754,0,7488,180,1.0,Urban,Y
LP00396,Male,No,1,Not Graduate,No,59874,39000,3498,360,1.0,Urban,Y
LP00397,Male,Yes,0,Graduate,No,162754,113000,9598,240,1.0,Semiurban,Y
LP00398,Male,Yes,2,Not Graduate,No,59874,28000,2796,180,1.0,Semiurban,Y
LP00399,Female,No,3+,Not Graduate,No,442413,224000,2909,180,1.0,Rural,Y
LP00400,Male,Yes,3+,Graduate,No,59874,38000,3390,300,1.0,Urban,Y
LP00401,Male,Yes,0,Graduate,No,22026,6000,1509,120,1.0,Semiurban,Y
LP00402,Female,No,0,Graduate,No,162754,93000,4673,300,1.0,Rural,Y
LP00403,Female,Yes,0,Graduate,Yes,162754,0,7512,360,1.0,Semiurban,Y
LP00404,Male,Yes,3+,Graduate,No,162754,0,2781,360,1.0,Semiurban,Y
LP00405,Male,Yes,1,Graduate,No,162754,121000,1676,360,1.0,Semiurban,Y
LP00406,Female,Yes,3+,Not Graduate,No,442413,238000,18504,120,1.0,Urban,Y
LP00407,Male,No,0,Not Graduate,Yes,8103,3000,1535,360,1.0,Semiurban,Y
LP00408,Male,No,2,Graduate,No,162754,0,3271,360,1.0,Urban,Y
LP00409,Male,Yes,3+,Graduate,No,162754,95000,3326,180,1.0,Rural,Y
LP00410,Male,Yes,1,Graduate,No,59874,0,1094,240,1.0,Rural,Y
LP00411,Male,Yes,2,Graduate,No,442413,182000,5966,300,1.0,Semiurban,Y
LP00412,Female,Yes,2,Not Graduate,No,22026,7000,1501,360,1.0,Semiurban,Y
LP00413,Female,Yes,0,Graduate,No,22026,0,3007,120,0.0,Urban,N
LP00414,Female,Yes,2,Graduate,No,162754,127000,8698,120,1.0,Urban,Y
LP00415,Male,No,0,Graduate,No,162754,58000,2771,120,1.0,Rural,Y
LP00416,Male,No,0,Graduate,No,59874,17000,1394,300,1.0,Rural,Y
LP00417,Male,Yes,0,Graduate,Yes,162754,96000,2119,120,1.0,Semiurban,Y
LP00418,Female,Yes,1,Not Graduate,No,162754,85000,7798,120,0.0,Semiurban,N
LP00419,Female,Yes,1,Not Graduate,No,59874,15000,2892,360,1.0,Semiurban,Y
LP00420,Female,Yes,0,Graduate,No,162754,0,8675,120,1.0,Semiurban,Y
LP00421,Male,Yes,2,Graduate,No,59874,42000,3016,300,1.0,Urban,Y
LP00422,Male,Yes,2,Graduate,No,162754,123000,3819,120,1.0,Semiurban,Y
LP00423,Male,No,1,Graduate,No,162754,42000,4398,360,0.0,Urban,N
LP00424,Male,Yes,1,Graduate,No,162754,44000,7471,360,1.0,Urban,Y
LP00425,Female,No,2,Graduate,No,22026,12000,3031,300,0.0,Urban,N
LP00426,Female,Yes,2,Graduate,No,22026,16000,3088,300,0.0,Urban,N
LP00427,Female,No,0,Graduate,No,442413,0,9690,180,1.0,Semiurban,Y
LP00428,Male,Yes,1,Graduate,No,162754,82000,2204,300,1.0,Rural,Y
LP00429,Male,No,2,Not Graduate,No,59874,22000,3257,300,1.0,Urban,Y
LP00430,Male,No,3+,Graduate,No,22026,12000,1553,240,1.0,Semiurban,Y
LP00431,Female,Yes,2,Graduate,Yes,162754,0,9436,300,1.0,Semiurban,Y
LP00432,Male,Yes,1,Graduate,No,22026,0,1507,360,1.0,Semiurban,Y
LP00433,Male,Yes,1,Not Graduate,No,59874,45000,3566,360,0.0,Urban,N
LP00434,Male,No,1,Not Graduate,No,59874,0,2410,360,0.0,Semiurban,N
LP00435,Male,Yes,1,Graduate,No,162754,0,6230,360,1.0,Urban,Y
LP00436,Male,Yes,1,Graduate,No,8103,2000,585,300,1.0,Rural,Y
LP00437,Female,No,2,Graduate,No,162754,69000,511,300,0.0,Rural,N
LP00438,Male,Yes,1,Graduate,No,162754,0,2398,240,1.0,Semiurban,Y
LP00439,Female,Yes,0,Graduate,No,59874,32000,3141,180,0.0,Urban,N
LP00440,Male,No,1,Not Graduate,No,22026,0,1535,300,1.0,Semiurban,Y
LP00441,Male,Yes,1,Not Graduate,No,442413,186000,4585,120,0.0,Semiurban,N
LP00442,Female,Yes,3+,Graduate,No,162754,94000,8324,240,0.0,Semiurban,N
LP00443,Male,Yes,0,Graduate,No,22026,0,3082,360,1.0,Urban,Y
LP00444,Female,Yes,2,Graduate,No,162754,0,5215,240,1.0,Semiurban,Y
LP00445,Female,No,0,Graduate,No,442413,0,8029,180,1.0,Urban,Y
LP00446,Male,Yes,1,Graduate,No,442413,347000,6440,360,1.0,Semiurban,Y
LP00447,Male,No,2,Not Graduate,No,442413,260000,18529,240,0.0,Urban,N
LP00448,Female,No,2,Not Graduate,No,22026,0,3014,360,1.0,Urban,Y
LP00449,Male,No,1,Graduate,Yes,59874,22000,1842,120,1.0,Semiurban,Y
LP00450,Male,Yes,0,Graduate,No,442413,0,3528,300,1.0,Rural,Y
LP00451,Male,Yes,0,Graduate,No,162754,76000,9600,180,1.0,Urban,Y
LP00452,Male,No,1,Graduate,No,59874,33000,862,300,1.0,Rural,Y
LP00453,Female,Yes,0,Graduate,No,59874,0,672,300,0.0,Rural,N
LP00454,Male,No,0,Not Graduate,Yes,162754,0,6417,240,1.0,Urban,Y
LP00455,Female,Yes,0,Not Graduate,No,59874,28000,3072,240,1.0,Rural,Y
LP00456,Male,No,0,Graduate,No,162754,0,5233,120,1.0,Urban,Y
LP00457,Female,No,0,Graduate,No,59874,33000,3556,180,1.0,Urban,Y
LP00458,Female,Yes,2,Graduate,No,8103,0,1552,300,1.0,Semiurban,Y
LP00459,Female,Yes,0,Graduate,No,162754,85000,1433,360,1.0,Rural,Y
LP00460,Male,Yes,0,Not Graduate,Yes,442413,134000,1971,240,1.0,Semiurban,Y
LP00461,Male,Yes,2,Not Graduate,No,442413,118000,18868,120,1.0,Urban,Y
LP00462,Female,Yes,0,Graduate,No,162754,122000,7813,180,0.0,Urban,N
LP00463,Male,Yes,0,Not Graduate,No,22026,14000,1017,180,1.0,Rural,Y
LP00464,Male,Yes,0,Graduate,No,442413,0,9277,360,1.0,Semiurban,Y
LP00465,Male,Yes,3+,Graduate,No,22026,0,1515,240,1.0,Semiurban,Y
LP00466,Male,Yes,2,Graduate,No,162754,115000,8172,180,1.0,Semiurban,Y
LP00467,Female,Yes,0,Not Graduate,No,59874,16000,1848,300,1.0,Semiurban,Y
LP00468,Female,No,3+,Graduate,No,59874,20000,3511,300,1.0,Urban,Y
LP00469,Female,Yes,0,Not Graduate,No,162754,80000,3914,240,1.0,Semiurban,Y
LP00470,Male,Yes,0,Graduate,Yes,162754,0,4251,240,1.0,Urban,Y
LP00471,Female,No,2,Graduate,No,59874,31000,1572,360,0.0,Semiurban,N
LP00472,Female,Yes,0,Graduate,No,162754,0,7026,180,1.0,Urban,Y
LP00473,Male,Yes,2,Graduate,No,59874,18000,3103,120,1.0,Semiurban,Y
LP00474,Female,No,0,Graduate,No,59874,39000,3389,240,1.0,Urban,Y
LP00475,Male,Yes,1,Graduate,No,162754,0,3375,240,1.0,Semiurban,Y
LP00476,Male,No,1,Not Graduate,No,162754,0,6782,300,1.0,Semiurban,Y
LP00477,Female,Yes,2,Graduate,No,59874,0,1326,300,1.0,Rural,Y
LP00478,Female,Yes,0,Graduate,No,59874,0,1888,360,1.0,Semiurban,Y
LP00479,Male,Yes,1,Graduate,No,162754,0,5566,360,1.0,Urban,Y
LP00480,Male,No,0,Graduate,No,59874,39000,1597,300,0.0,Rural,N
LP00481,Male,Yes,2,Graduate,No,59874,0,2729,180,0.0,Semiurban,N
LP00482,Female,Yes,2,Graduate,No,59874,0,3196,180,1.0,Urban,Y
LP00483,Female,Yes,1,Not Graduate,No,22026,0,1174,240,1.0,Rural,Y
LP00484,Female,No,0,Not Graduate,No,22026,13000,3050,120,0.0,Urban,N
LP00485,Female,Yes,0,Not Graduate,No,442413,155000,5400,120,1.0,Semiurban,Y
LP00486,Female,No,2,Not Graduate,No,8103,0,3032,300,0.0,Urban,N
LP00487,Male,Yes,2,Graduate,No,22026,6000,1591,300,1.0,Semiurban,Y
LP00488,Female,Yes,2,Not Graduate,Yes,59874,0,3306,240,1.0,Rural,Y
LP00489,Female,No,1,Not Graduate,No,22026,8000,664,180,0.0,Rural,N
LP00490,Female,Yes,0,Not Graduate,No,59874,38000,1156,120,1.0,Rural,Y
LP00491,Male,Yes,1,Not Graduate,No,8103,5000,1500,180,1.0,Semiurban,Y
LP00492,Male,Yes,1,Not Graduate,No,162754,64000,1593,300,1.0,Rural,Y
LP00493,Female,No,2,Graduate,No,442413,148000,10494,120,0.0,Urban,N
LP00494,Female,Yes,1,Graduate,No,59874,0,3445,360,1.0,Urban,Y
LP00495,Female,No,1,Graduate,No,162754,70000,2192,300,1.0,Rural,Y
LP00496,Female,Yes,1,Graduate,No,162754,0,3702,300,1.0,Urban,Y
LP00497,Male,Yes,2,Not Graduate,No,59874,0,1713,120,1.0,Semiurban,Y
LP00498,Female,No,3+,Graduate,No,59874,0,3379,300,1.0,Urban,Y
LP00499,Female,Yes,0,Graduate,No,59874,28000,3119,240,1.0,Urban,Y
LP00500,Female,Yes,1,Graduate,No,442413,204000,13339,180,1.0,Urban,Y
LP00501,Male,No,1,Not Graduate,No,22026,0,1533,300,1.0,Semiurban,Y
LP00502,Female,Yes,1,Not Graduate,No,22026,0,1511,240,1.0,Semiurban,Y
LP00503,Male,No,2,Not Graduate,No,59874,0,2239,360,1.0,Semiurban,Y
LP00504,Female,No,0,Not Graduate,No,162754,48000,9040,120,0.0,Semiurban,N
LP00505,Female,Yes,3+,Graduate,Yes,162754,0,1559,360,1.0,Rural,Y
LP00506,Male,Yes,0,Not Graduate,No,59874,15000,2167,180,1.0,Semiurban,Y
LP00507,Male,Yes,3+,Graduate,No,162754,91000,1287,240,0.0,Rural,N
LP00508,Female,Yes,1,Graduate,No,59874,13000,2398,240,1.0,Rural,Y
LP00509,Female,No,3+,Graduate,No,59874,23000,3307,180,0.0,Urban,N
LP00510,Male,Yes,0,Graduate,No,162754,0,7796,240,1.0,Urban,Y
LP00511,Male,Yes,2,Graduate,No,22026,0,1592,360,1.0,Semiurban,Y
LP00512,Male,No,3+,Graduate,No,162754,0,1793,360,1.0,Semiurban,Y
LP00513,Male,Yes,1,Not Graduate,No,59874,47000,3328,240,1.0,Rural,Y
LP00514,Male,Yes,0,Graduate,Yes,162754,96000,4912,300,1.0,Rural,Y
LP00515,Male,Yes,1,Graduate,Yes,162754,117000,4987,360,1.0,Urban,Y
LP00516,Male,Yes,1,Not Graduate,No,162754,61000,3774,300,1.0,Rural,Y
LP00517,Male,Yes,2,Not Graduate,No,59874,0,2597,120,0.0,Semiurban,N
LP00518,Male,No,0,Not Graduate,Yes,22026,0,3075,180,0.0,Urban,N
LP00519,Male,Yes,2,Graduate,Yes,162754,98000,9520,240,1.0,Urban,Y
LP00520,Male,No,0,Graduate,Yes,162754,81000,4715,180,1.0,Urban,Y
LP00521,Female,Yes,0,Graduate,Yes,162754,0,2357,120,1.0,Rural,Y
LP00522,Male,Yes,0,Not Graduate,No,59874,37000,3468,300,0.0,Urban,N
LP00523,Female,No,2,Graduate,No,59874,0,3210,120,0.0,Urban,N
LP00524,Male,Yes,2,Graduate,No,22026,10000,3031,120,0.0,Urban,N
LP00525,Male,Yes,0,Graduate,No,59874,31000,2065,180,0.0,Semiurban,N
LP00526,Male,No,2,Graduate,Yes,22026,6000,3051,240,0.0,Urban,N
LP00527,Male,Yes,2,Graduate,No,22026,13000,802,360,1.0,Rural,Y
LP00528,Female,No,0,Graduate,No,59874,35000,3057,360,1.0,Rural,Y
LP00529,Female,No,3+,Not Graduate,No,22026,0,3066,180,0.0,Urban,N
LP00530,Male,Yes,2,Graduate,Yes,59874,38000,952,360,1.0,Rural,Y
LP00531,Female,Yes,1,Graduate,No,59874,0,1467,240,0.0,Rural,N
LP00532,Female,Yes,1,Graduate,No,162754,102000,9041,360,1.0,Urban,Y
LP00533,Male,Yes,2,Graduate,Yes,162754,0,9302,180,1.0,Semiurban,Y
LP00534,Male,Yes,2,Not Graduate,No,442413,283000,4168,300,1.0,Semiurban,Y
LP00535,Male,No,0,Not Graduate,No,59874,46000,3121,240,1.0,Urban,Y
LP00536,Male,Yes,0,Graduate,No,162754,0,6455,360,1.0,Urban,Y
LP00537,Female,No,0,Not Graduate,No,59874,33000,3463,360,0.0,Urban,N
LP00538,Female,Yes,2,Graduate,No,59874,0,3177,360,1.0,Semiurban,Y
LP00539,Female,Yes,0,Graduate,No,8103,0,3071,240,1.0,Urban,N
LP00540,Female,Yes,2,Not Graduate,No,59874,31000,1626,120,1.0,Rural,Y
LP00541,Male,No,3+,Graduate,No,22026,5000,1523,300,1.0,Semiurban,Y
LP00542,Male,Yes,0,Graduate,Yes,8103,2000,3041,360,1.0,Urban,N
LP00543,Female,Yes,0,Graduate,No,442413,0,10749,180,1.0,Urban,Y
LP00544,Male,Yes,1,Graduate,No,59874,0,1915,360,1.0,Semiurban,Y
LP00545,Male,No,0,Graduate,Yes,59874,0,2504,180,1.0,Semiurban,Y
LP00546,Male,Yes,1,Not Graduate,No,22026,12000,859,300,0.0,Rural,N
LP00547,Male,No,0,Graduate,No,22026,14000,3055,240,1.0,Urban,Y
LP00548,Female,No,1,Not Graduate,No,59874,0,3336,360,1.0,Urban,Y
LP00549,Female,Yes,0,Graduate,No,59874,39000,1832,360,1.0,Semiurban,Y
LP00550,Male,No,2,Graduate,No,162754,0,1522,120,1.0,Rural,Y
LP00551,Female,Yes,0,Graduate,No,22026,8000,739,180,0.0,Rural,N
LP00552,Male,No,1,Graduate,No,8103,2000,1584,180,1.0,Semiurban,N
LP00553,Female,Yes,0,Graduate,No,442413,282000,9286,240,0.0,Urban,N
LP00554,Female,Yes,2,Not Graduate,Yes,162754,64000,5989,300,1.0,Semiurban,Y
LP00555,Male,Yes,1,Graduate,No,442413,0,9376,300,1.0,Urban,Y
LP00556,Female,Yes,2,Not Graduate,No,22026,5000,3003,300,1.0,Urban,Y
LP00557,Female,Yes,0,Graduate,No,22026,17000,3079,360,1.0,Urban,Y
LP00558,Male,No,3+,Graduate,No,162754,38000,8575,360,1.0,Semiurban,Y
LP00559,Female,Yes,0,Graduate,Yes,59874,12000,2401,300,1.0,Rural,Y
LP00560,Male,No,2,Graduate,No,22026,0,3073,180,1.0,Urban,N
LP00561,Male,Yes,1,Graduate,No,8103,4000,3039,240,1.0,Urban,N
LP00562,Male,Yes,0,Not Graduate,No,8103,4000,1554,120,1.0,Semiurban,N
LP00563,Female,Yes,0,Graduate,No,59874,43000,2874,360,1.0,Semiurban,Y
LP00564,Male,No,0,Graduate,Yes,59874,0,3384,240,1.0,Urban,Y
LP00565,Male,No,1,Graduate,Yes,22026,15000,3003,120,1.0,Urban,Y
LP00566,Male,Yes,2,Graduate,No,22026,6000,3043,120,0.0,Urban,N
LP00567,Male,Yes,2,Graduate,No,442413,106000,1571,180,1.0,Rural,Y
LP00568,Male,Yes,3+,Graduate,Yes,59874,24000,2647,120,0.0,Semiurban,N
LP00569,Female,No,3+,Graduate,Yes,59874,39000,3032,360,1.0,Semiurban,Y
LP00570,Male,No,2,Graduate,No,442413,0,4825,180,1.0,Semiurban,Y
LP00571,Male,Yes,1,Graduate,Yes,22026,8000,860,360,1.0,Rural,Y
LP00572,Male,Yes,1,Graduate,No,22026,0,3045,120,0.0,Urban,N
LP00573,Male,Yes,1,Graduate,No,22026,9000,3032,240,1.0,Urban,Y
LP00574,Male,No,3+,Not Graduate,No,442413,0,8116,240,0.0,Semiurban,N
LP00575,Female,No,0,Graduate,No,162754,53000,4725,180,1.0,Rural,Y
LP00576,Female,Yes,0,Not Graduate,No,59874,13000,2865,180,0.0,Rural,N
LP00577,Male,No,1,Graduate,No,59874,37000,3333,240,1.0,Urban,Y
LP00578,Male,No,3+,Graduate,No,59874,0,760,300,1.0,Rural,Y
LP00579,Male,Yes,1,Graduate,No,22026,0,3062,360,1.0,Urban,Y
LP00580,Male,Yes,0,Graduate,No,22026,10000,1516,120,1.0,Semiurban,Y
LP00581,Male,Yes,3+,Not Graduate,Yes,59874,34000,3207,240,1.0,Urban,Y
LP00582,Male,Yes,0,Graduate,No,442413,241000,6217,120,1.0,Semiurban,Y
LP00583,Female,Yes,2,Not Graduate,No,162754,0,4039,360,1.0,Rural,Y
LP00584,Male,Yes,3+,Graduate,No,59874,37000,3505,180,1.0,Urban,Y
LP00585,Female,Yes,1,Not Graduate,No,22026,0,973,120,1.0,Rural,Y
LP00586,Male,Yes,1,Graduate,Yes,59874,29000,3069,300,1.0,Urban,Y
LP00587,Female,No,1,Graduate,No,162754,0,7379,120,1.0,Urban,Y
LP00588,Male,Yes,1,Graduate,No,59874,0,3125,360,1.0,Rural,Y
LP00589,Female,Yes,2,Graduate,No,22026,0,3025,180,1.0,Urban,N
LP00590,Male,Yes,2,Graduate,No,162754,0,4698,300,1.0,Rural,Y
LP00591,Male,Yes,0,Graduate,No,8103,0,501,180,1.0,Rural,Y
LP00592,Male,Yes,2,Graduate,No,22026,17000,3091,120,1.0,Urban,Y
LP00593,Female,No,0,Not Graduate,No,162754,100000,1936,240,1.0,Rural,Y
LP00594,Female,Yes,0,Graduate,No,59874,47000,1586,180,1.0,Semiurban,Y
LP00595,Female,Yes,2,Not Graduate,No,22026,0,3082,180,1.0,Urban,Y
LP00596,Female,No,0,Graduate,No,162754,61000,2376,120,0.0,Rural,N
LP00597,Male,Yes,1,Not Graduate,No,162754,70000,4503,240,1.0,Urban,Y
LP00598,Male,Yes,1,Graduate,No,162754,56000,6491,120,1.0,Urban,Y
LP00599,Male,No,0,Graduate,No,59874,0,3081,300,0.0,Urban,N
LP00600,Male,Yes,1,Graduate,Yes,162754,41000,4900,240,1.0,Rural,Y
LP00601,Female,Yes,1,Graduate,No,8103,2000,1500,180,1.0,Semiurban,N
LP00602,Male,No,3+,Not Graduate,No,162754,36000,7804,120,0.0,Semiurban,N
LP00603,Male,No,3+,Not Graduate,No,162754,0,8332,120,1.0,Urban,Y
LP00604,Male,No,1,Not Graduate,Yes,22026,6000,1577,180,1.0,Semiurban,Y
LP00605,Female,Yes,0,Graduate,No,162754,0,8429,180,1.0,Semiurban,Y
LP00606,Male,Yes,3+,Graduate,No,442413,0,3321,360,0.0,Rural,N
LP00607,Male,Yes,2,Not Graduate,Yes,59874,27000,3295,300,1.0,Urban,Y
LP00608,Female,Yes,0,Not Graduate,No,22026,0,765,180,0.0,Rural,N
LP00609,Female,Yes,3+,Graduate,No,8103,0,3074,120,1.0,Urban,N
LP00610,Male,Yes,3+,Graduate,No,59874,0,3272,360,0.0,Urban,N
LP00611,Male,Yes,1,Graduate,No,442413,189000,3416,120,0.0,Rural,N
LP00612,Female,Yes,2,Not Graduate,Yes,162754,57000,8065,300,1.0,Urban,Y
LP00613,Female,Yes,2,Graduate,No,59874,47000,3276,240,1.0,Rural,Y
LP00614,Male,Yes,1,Not Graduate,No,442413,166000,1672,180,0.0,Rural,N
LP00615,Female,No,2,Graduate,No,442413,212000,6790,300,1.0,Urban,Y
LP00616,Male,No,2,Graduate,No,442413,0,10221,240,1.0,Urban,Y
LP00617,Female,No,2,Graduate,No,162754,0,2559,180,1.0,Semiurban,Y
LP00618,Female,Yes,1,Graduate,No,22026,0,848,120,1.0,Rural,Y
LP00619,Female,No,0,Graduate,No,59874,0,1277,360,0.0,Rural,N
LP00620,Male,No,2,Graduate,No,59874,17000,3224,240,1.0,Urban,Y
LP00621,Male,Yes,0,Graduate,No,59874,16000,3459,360,1.0,Semiurban,Y
LP00622,Female,Yes,2,Graduate,No,442413,334000,4493,180,1.0,Rural,Y
LP00623,Male,No,3+,Graduate,Yes,59874,0,3101,300,1.0,Semiurban,Y
LP00624,Female,No,1,Graduate,No,162754,62000,1626,180,1.0,Rural,Y
LP00625,Male,No,0,Not Graduate,No,59874,0,3042,180,0.0,Semiurban,N
LP00626,Female,Yes,3+,Graduate,Yes,162754,94000,2507,300,1.0,Rural,Y
LP00627,Male,Yes,2,Not Graduate,No,162754,108000,6009,300,1.0,Semiurban,Y
LP00628,Male,Yes,1,Not Graduate,No,442413,114000,4467,360,1.0,Semiurban,Y
LP00629,Female,No,0,Graduate,No,162754,101000,9504,300,1.0,Semiurban,Y
LP00630,Female,No,2,Graduate,No,162754,0,9557,300,1.0,Urban,Y
LP00631,Male,Yes,2,Graduate,No,8103,0,521,360,1.0,Rural,Y
LP00632,Male,No,1,Not Graduate,No,162754,129000,4938,240,1.0,Semiurban,Y
LP00633,Female,Yes,0,Graduate,No,22026,8000,3054,360,1.0,Urban,Y
LP00634,Female,Yes,0,Graduate,No,59874,48000,3024,180,1.0,Semiurban,Y
LP00635,Female,Yes,0,Not Graduate,No,59874,0,1010,240,1.0,Rural,Y
LP00636,Male,Yes,3+,Not Graduate,Yes,22026,7000,1301,120,0.0,Rural,N
LP00637,Male,No,0,Not Graduate,No,162754,92000,4297,120,1.0,Semiurban,Y
LP00638,Female,No,2,Graduate,No,59874,38000,2084,180,1.0,Semiurban,Y
LP00639,Female,Yes,2,Not Graduate,No,162754,0,9541,240,1.0,Urban,Y
LP00640,Male,No,3+,Graduate,No,59874,35000,3245,120,0.0,Urban,N
LP00641,Male,Yes,2,Graduate,No,442413,282000,4578,300,1.0,Rural,Y
LP00642,Female,Yes,1,Not Graduate,No,162754,0,2193,360,1.0,Semiurban,Y
LP00643,Female,No,3+,Graduate,No,162754,74000,4396,300,1.0,Urban,Y
LP00644,Male,Yes,2,Graduate,No,59874,20000,3527,240,0.0,Urban,N
LP00645,Male,Yes,1,Graduate,No,22026,0,1551,180,1.0,Semiurban,Y
LP00646,Male,Yes,0,Graduate,No,59874,0,3373,240,1.0,Urban,Y
LP00647,Male,No,0,Graduate,No,59874,0,3113,180,1.0,Urban,Y
LP00648,Female,No,0,Graduate,No,22026,15000,1541,180,1.0,Semiurban,Y
LP00649,Female,Yes,2,Not Graduate,No,442413,0,19384,240,1.0,Urban,Y
LP00650,Female,Yes,1,Graduate,No,22026,14000,3031,180,1.0,Urban,Y
LP00651,Male,Yes,2,Graduate,No,162754,92000,3936,180,1.0,Semiurban,Y
LP00652,Female,No,1,Graduate,Yes,22026,7000,3054,240,1.0,Urban,Y
LP00653,Male,Yes,0,Graduate,No,22026,0,1500,120,1.0,Semiurban,Y
LP00654,Male,No,0,Graduate,No,22026,0,1598,360,0.0,Semiurban,N
LP00655,Male,No,1,Not Graduate,No,59874,0,2034,120,1.0,Semiurban,Y
LP00656,Female,No,2,Graduate,No,442413,0,9619,300,1.0,Urban,Y
LP00657,Male,Yes,1,Not Graduate,No,162754,0,4173,240,1.0,Rural,Y
LP00658,Male,Yes,3+,Not Graduate,Yes,442413,105000,16025,180,1.0,Urban,Y
LP00659,Male,Yes,0,Graduate,No,59874,0,2155,120,1.0,Semiurban,Y
LP00660,Female,Yes,1,Not Graduate,No,22026,0,546,180,1.0,Rural,Y
LP00661,Male,Yes,3+,Graduate,Yes,22026,7000,501,120,1.0,Rural,Y
LP00662,Male,No,3+,Graduate,Yes,59874,12000,1398,240,1.0,Rural,Y
LP00663,Male,Yes,0,Graduate,No,162754,125000,2188,240,0.0,Rural,N
LP00664,Male,No,2,Graduate,No,59874,0,3381,180,1.0,Semiurban,Y
LP00665,Female,Yes,1,Not Graduate,No,22026,0,3024,360,1.0,Urban,Y
LP00666,Female,No,0,Graduate,No,59874,0,3139,120,0.0,Rural,N
LP00667,Male,No,0,Not Graduate,No,22026,15000,707,120,1.0,Rural,Y
LP00668,Female,Yes,1,Graduate,No,59874,0,3303,360,1.0,Urban,Y
LP00669,Female,Yes,0,Graduate,No,22026,13000,1562,120,1.0,Semiurban,Y
LP00670,Female,Yes,1,Graduate,No,162754,0,3243,360,1.0,Rural,Y
LP00671,Female,Yes,2,Graduate,No,22026,17000,3100,120,1.0,Urban,Y
LP00672,Female,Yes,1,Not Graduate,No,22026,8000,1541,120,0.0,Semiurban,N
LP00673,Male,Yes,0,Graduate,No,162754,96000,7778,180,1.0,Semiurban,Y
LP00674,Male,No,1,Graduate,No,162754,56000,4830,120,0.0,Semiurban,N
LP00675,Male,Yes,3+,Not Graduate,Yes,442413,167000,16797,180,1.0,Urban,Y
LP00676,Male,No,2,Graduate,Yes,59874,15000,1147,360,1.0,Rural,Y
LP00677,Male,Yes,0,Graduate,No,59874,37000,3481,240,1.0,Urban,Y
LP00678,Female,Yes,0,Not Graduate,Yes,59874,36000,2769,300,1.0,Rural,Y
LP00679,Male,Yes,0,Graduate,No,22026,14000,3079,300,1.0,Urban,Y
LP00680,Female,Yes,0,Not Graduate,No,22026,0,1582,240,1.0,Semiurban,Y
LP00681,Male,Yes,1,Not Graduate,No,22026,0,3096,120,0.0,Urban,N
LP00682,Female,Yes,0,Graduate,Yes,59874,0,534,240,0.0,Rural,N
LP00683,Female,No,1,Graduate,No,22026,0,1512,360,1.0,Semiurban,Y
LP00684,Female,Yes,2,Graduate,Yes,22026,7000,1587,180,1.0,Semiurban,Y
LP00685,Female,Yes,3+,Graduate,No,442413,178000,8559,240,1.0,Semiurban,Y
LP00686,Male,No,1,Not Graduate,No,8103,3000,563,120,1.0,Rural,Y
LP00687,Male,No,0,Graduate,No,59874,0,3262,300,1.0,Urban,Y
LP00688,Female,No,1,Graduate,No,162754,83000,6638,360,1.0,Semiurban,Y
LP00689,Female,Yes,0,Not Graduate,No,162754,0,1630,360,1.0,Semiurban,Y
LP00690,Male,No,0,Not Graduate,No,59874,16000,3110,180,0.0,Urban,N
LP00691,Female,No,0,Graduate,No,162754,60000,4965,120,1.0,Rural,Y
LP00692,Male,Yes,1,Graduate,No,59874,0,3232,120,1.0,Semiurban,Y
LP00693,Female,Yes,0,Graduate,No,162754,58000,3014,120,0.0,Semiurban,N
LP00694,Male,Yes,3+,Graduate,No,442413,240000,2126,120,1.0,Rural,Y
LP00695,Female,Yes,0,Not Graduate,No,59874,0,2104,300,1.0,Semiurban,Y
LP00696,Female,Yes,2,Not Graduate,No,162754,36000,3942,180,1.0,Rural,Y
LP00697,Female,Yes,0,Graduate,No,442413,0,6529,240,1.0,Semiurban,Y
LP00698,Female,Yes,1,Graduate,No,162754,0,7613,300,1.0,Semiurban,Y
LP00699,Male,Yes,1,Not Graduate,No,59874,43000,1925,120,1.0,Semiurban,Y
LP00700,Male,No,1,Graduate,No,162754,53000,7743,300,1.0,Semiurban,Y
LP00701,Female,No,1,Not Graduate,No,162754,0,2334,240,1.0,Rural,Y
LP00702,Male,No,3+,Graduate,Yes,8103,6000,594,360,1.0,Rural,Y
LP00703,Male,No,3+,Graduate,No,162754,89000,8212,180,1.0,Urban,Y
LP00704,Male,Yes,0,Not Graduate,Yes,59874,45000,3162,360,0.0,Urban,N
LP00705,Male,Yes,1,Graduate,No,162754,0,3207,300,1.0,Urban,Y
LP00706,Female,Yes,0,Not Graduate,No,59874,40000,2626,120,1.0,Semiurban,Y
LP00707,Male,Yes,3+,Not Graduate,Yes,8103,0,511,180,1.0,Rural,Y
LP00708,Male,Yes,2,Graduate,No,22026,13000,1520,300,1.0,Semiurban,Y
LP00709,Male,Yes,1,Graduate,Yes,442413,234000,4774,180,1.0,Rural,Y
LP00710,Male,Yes,1,Graduate,No,22026,0,3034,180,1.0,Urban,Y
LP00711,Male,Yes,2,Graduate,No,59874,21000,3314,180,0.0,Rural,N
LP00712,Male,No,1,Graduate,No,59874,22000,1940,240,1.0,Semiurban,Y
LP00713,Male,Yes,1,Graduate,Yes,22026,8000,3045,360,1.0,Urban,Y
LP00714,Male,Yes,0,Graduate,No,22026,14000,3059,180,1.0,Urban,Y
LP00715,Male,Yes,0,Graduate,No,162754,111000,7701,120,0.0,Urban,N
LP00716,Male,Yes,0,Not Graduate,No,22026,0,1105,240,1.0,Rural,Y
LP00717,Male,Yes,1,Not Graduate,No,59874,44000,660,360,1.0,Rural,Y
LP00718,Female,Yes,0,Graduate,No,162754,0,8705,240,0.0,Urban,N
LP00719,Male,Yes,3+,Not Graduate,No,59874,0,3446,240,1.0,Urban,Y
LP00720,Female,No,1,Graduate,No,162754,0,3614,240,1.0,Urban,Y
LP00721,Female,No,1,Not Graduate,No,22026,0,1552,360,1.0,Semiurban,Y
LP00722,Male,Yes,1,Graduate,No,22026,9000,1584,180,1.0,Semiurban,Y
LP00723,Female,No,0,Graduate,No,59874,24000,2783,360,1.0,Semiurban,Y
LP00724,Male,Yes,3+,Graduate,No,162754,51000,3965,240,1.0,Rural,Y
LP00725,Male,No,1,Graduate,No,59874,0,3450,120,1.0,Semiurban,Y
LP00726,Female,Yes,1,Graduate,No,8103,0,1593,300,0.0,Semiurban,N
LP00727,Male,Yes,0,Graduate,No,8103,0,1528,120,1.0,Semiurban,Y
LP00728,Male,Yes,0,Not Graduate,No,22026,14000,1526,300,1.0,Semiurban,Y
LP00729,Male,Yes,2,Graduate,Yes,442413,315000,8578,180,1.0,Urban,Y
LP00730,Female,Yes,0,Graduate,No,22026,16000,3045,360,0.0,Urban,N
LP00731,Male,Yes,0,Graduate,No,442413,133000,3038,180,1.0,Semiurban,Y
LP00732,Male,Yes,1,Graduate,No,162754,0,9435,360,1.0,Semiurban,Y
LP00733,Female,No,0,Not Graduate,No,22026,0,1546,300,1.0,Semiurban,Y
LP00734,Male,Yes,0,Graduate,No,442413,0,3213,240,1.0,Rural,Y
LP00735,Male,No,0,Graduate,No,59874,47000,3295,240,1.0,Urban,Y
LP00736,Male,No,1,Graduate,No,59874,0,3041,300,1.0,Urban,Y
LP00737,Female,Yes,1,Graduate,No,8103,5000,585,360,0.0,Rural,N
LP00738,Female,Yes,2,Graduate,No,22026,0,3054,300,1.0,Urban,Y
LP00739,Female,No,3+,Graduate,Yes,162754,0,5596,180,1.0,Semiurban,Y
LP00740,Male,Yes,1,Graduate,No,22026,9000,979,240,1.0,Rural,Y
LP00741,Male,No,1,Not Graduate,Yes,8103,5000,565,360,1.0,Rural,Y
LP00742,Female,Yes,2,Graduate,No,162754,41000,3253,240,1.0,Semiurban,Y
LP00743,Male,Yes,1,Graduate,Yes,162754,0,3861,180,1.0,Semiurban,Y
LP00744,Female,Yes,0,Graduate,No,162754,0,500,120,1.0,Rural,Y
LP00745,Female,Yes,0,Graduate,Yes,59874,0,2253,300,0.0,Semiurban,N
LP00746,Female,No,2,Graduate,No,59874,18000,2320,360,1.0,Semiurban,Y
LP00747,Male,No,3+,Graduate,No,59874,27000,2660,120,1.0,Semiurban,Y
LP00748,Male,Yes,3+,Graduate,Yes,442413,162000,3430,180,1.0,Rural,Y
LP00749,Female,Yes,3+,Graduate,No,59874,28000,3285,180,1.0,Urban,Y
LP00750,Male,No,1,Not Graduate,No,59874,21000,3356,240,1.0,Urban,Y
LP00751,Female,Yes,0,Not Graduate,No,162754,0,5376,180,1.0,Semiurban,Y
LP00752,Male,No,3+,Graduate,No,59874,0,3178,120,1.0,Urban,Y
LP00753,Female,Yes,3+,Graduate,No,22026,0,3055,180,0.0,Urban,N
LP00754,Male,Yes,2,Graduate,No,22026,5000,1198,180,1.0,Rural,Y
LP00755,Female,Yes,1,Not Graduate,No,59874,17000,3297,120,1.0,Semiurban,Y
LP00756,Male,No,0,Graduate,No,22026,17000,1549,240,1.0,Semiurban,Y
LP00757,Male,No,3+,Graduate,No,442413,0,4972,120,1.0,Rural,Y
LP00758,Female,Yes,0,Graduate,No,162754,104000,4930,120,1.0,Urban,Y
LP00759,Female,Yes,1,Not Graduate,No,22026,17000,3061,360,0.0,Urban,N
LP00760,Male,Yes,2,Graduate,No,442413,0,4876,180,1.0,Rural,Y
LP00761,Male,No,0,Graduate,No,22026,6000,1578,120,0.0,Semiurban,N
LP00762,Male,Yes,0,Graduate,No,162754,129000,5594,120,0.0,Semiurban,N
LP00763,Male,Yes,0,Graduate,No,22026,11000,1584,120,1.0,Semiurban,Y
LP00764,Male,No,1,Not Graduate,No,442413,0,5883,180,1.0,Semiurban,Y
LP00765,Male,Yes,0,Graduate,No,22026,11000,1594,240,1.0,Semiurban,Y
LP00766,Female,Yes,0,Graduate,No,22026,0,893,360,1.0,Rural,Y
LP00767,Female,Yes,2,Graduate,Yes,22026,0,1568,300,1.0,Semiurban,Y
LP00768,Male,Yes,1,Not Graduate,No,162754,66000,4055,360,0.0,Rural,N
LP00769,Female,No,2,Not Graduate,No,442413,230000,4750,300,1.0,Rural,Y
LP00770,Female,Yes,3+,Graduate,No,442413,0,15930,360,1.0,Urban,Y
LP00771,Male,Yes,0,Graduate,No,59874,42000,3473,300,1.0,Urban,Y
LP00772,Male,Yes,1,Graduate,No,162754,76000,9274,240,1.0,Urban,Y
LP00773,Male,Yes,0,Graduate,No,59874,0,3303,360,1.0,Semiurban,Y
LP00774,Male,No,0,Graduate,No,59874,25000,2576,120,1.0,Rural,Y
LP00775,Male,Yes,0,Graduate,No,162754,0,7402,240,1.0,Semiurban,Y
LP00776,Male,No,1,Graduate,Yes,442413,303000,4663,360,1.0,Rural,Y
LP00777,Female,No,1,Graduate,No,162754,126000,7631,180,1.0,Urban,Y
LP00778,Male,No,2,Graduate,Yes,59874,0,2700,360,0.0,Semiurban,N
LP00779,Male,No,3+,Graduate,No,59874,27000,1941,120,1.0,Rural,Y
LP00780,Male,Yes,2,Graduate,No,442413,267000,2632,180,1.0,Rural,Y
LP00781,Male,Yes,1,Graduate,Yes,162754,0,1754,300,1.0,Semiurban,Y
LP00782,Female,Yes,0,Not Graduate,No,22026,11000,3054,300,1.0,Urban,Y
LP00783,Male,Yes,2,Graduate,No,162754,37000,4177,240,0.0,Rural,N
LP00784,Male,No,2,Not Graduate,No,162754,0,7560,120,1.0,Semiurban,Y
LP00785,Male,Yes,0,Not Graduate,No,59874,0,2651,360,1.0,Rural,Y
LP00786,Male,Yes,0,Graduate,No,442413,241000,6650,360,1.0,Semiurban,Y
LP00787,Male,Yes,0,Graduate,No,442413,334000,7620,240,1.0,Urban,Y
LP00788,Male,Yes,0,Not Graduate,No,162754,0,7678,240,1.0,Urban,Y
LP00789,Male,Yes,1,Not Graduate,No,22026,6000,785,180,1.0,Rural,Y
LP00790,Male,No,2,Graduate,No,59874,37000,3039,240,1.0,Urban,Y
LP00791,Female,No,0,Not Graduate,No,22026,0,1100,180,1.0,Rural,Y
LP00792,Male,Yes,2,Not Graduate,No,442413,287000,17231,120,1.0,Urban,Y
LP00793,Male,Yes,0,Graduate,No,162754,97000,6416,180,0.0,Semiurban,N
LP00794,Male,Yes,1,Graduate,No,442413,200000,13662,300,1.0,Urban,Y
LP00795,Male,Yes,3+,Graduate,No,22026,16000,1552,360,1.0,Semiurban,Y
LP00796,Male,No,1,Graduate,No,59874,21000,2599,120,1.0,Semiurban,Y
LP00797,Male,Yes,0,Graduate,No,162754,0,3200,360,1.0,Rural,Y
LP00798,Male,Yes,2,Graduate,No,8103,0,525,360,0.0,Rural,N
LP00799,Female,Yes,2,Graduate,Yes,59874,0,1647,120,0.0,Semiurban,N
LP00800,Male,No,0,Graduate,Yes,59874,41000,3141,300,1.0,Semiurban,Y
LP00801,Female,Yes,0,Graduate,No,22026,12000,597,180,1.0,Rural,Y
LP00802,Male,Yes,0,Graduate,Yes,22026,11000,3054,240,1.0,Urban,Y
LP00803,Female,Yes,1,Not Graduate,No,22026,0,3097,240,1.0,Urban,Y
LP00804,Female,Yes,0,Graduate,No,59874,15000,2350,180,0.0,Semiurban,N
LP00805,Male,Yes,0,Graduate,No,59874,21000,2883,240,0.0,Semiurban,N
LP00806,Male,No,0,Graduate,No,162754,0,9413,300,1.0,Semiurban,Y
LP00807,Female,No,0,Graduate,No,162754,49000,3362,300,1.0,Semiurban,Y
LP00808,Female,Yes,2,Graduate,No,22026,13000,3041,360,1.0,Urban,Y
LP00809,Male,No,0,Graduate,No,59874,0,2362,300,0.0,Semiurban,N
LP00810,Female,Yes,1,Not Graduate,Yes,22026,9000,1525,180,1.0,Semiurban,Y
LP00811,Male,Yes,0,Graduate,Yes,59874,45000,2664,240,0.0,Semiurban,N
LP00812,Male,Yes,1,Graduate,No,8103,3000,1572,240,1.0,Semiurban,Y
LP00813,Female,Yes,2,Graduate,No,59874,36000,2357,300,1.0,Semiurban,Y
LP00814,Male,No,0,Graduate,No,162754,75000,5679,300,1.0,Urban,Y
LP00815,Female,Yes,1,Not Graduate,No,162754,0,5004,360,0.0,Semiurban,N
LP00816,Female,No,1,Graduate,No,59874,0,2997,120,0.0,Semiurban,N
LP00817,Female,Yes,1,Graduate,No,22026,18000,952,180,1.0,Rural,Y
LP00818,Male,No,3+,Graduate,Yes,162754,0,5246,240,1.0,Urban,Y
LP00819,Female,No,2,Not Graduate,No,59874,39000,1656,120,1.0,Semiurban,Y
LP00820,Female,Yes,2,Graduate,No,59874,0,3284,360,0.0,Urban,N
LP00821,Male,Yes,0,Not Graduate,No,162754,125000,3116,360,0.0,Urban,N
LP00822,Female,Yes,2,Graduate,No,22026,0,3052,360,1.0,Urban,Y
LP00823,Female,No,0,Graduate,No,162754,78000,3741,120,1.0,Urban,Y
LP00824,Female,Yes,0,Graduate,No,442413,0,3674,180,1.0,Semiurban,Y
LP00825,Male,Yes,0,Graduate,No,22026,8000,770,300,1.0,Rural,Y
LP00826,Female,Yes,2,Not Graduate,Yes,59874,48000,1920,300,1.0,Rural,Y
LP00827,Female,Yes,0,Not Graduate,No,59874,0,3415,180,1.0,Semiurban,Y
LP00828,Female,Yes,1,Graduate,No,442413,0,1629,240,1.0,Semiurban,Y
LP00829,Male,Yes,3+,Graduate,No,162754,93000,7718,360,1.0,Urban,Y
LP00830,Male,No,1,Graduate,No,442413,335000,16794,120,1.0,Urban,Y
LP00831,Male,Yes,1,Graduate,Yes,162754,125000,9159,360,1.0,Urban,Y
LP00832,Male,Yes,2,Graduate,No,162754,0,6436,180,1.0,Semiurban,Y
LP00833,Male,No,1,Not Graduate,Yes,162754,0,9213,120,1.0,Semiurban,Y
LP00834,Male,Yes,1,Graduate,No,59874,0,2659,240,0.0,Semiurban,N
LP00835,Female,Yes,1,Graduate,No,59874,40000,2983,240,1.0,Semiurban,Y
LP00836,Female,No,1,Graduate,No,22026,10000,3039,240,1.0,Urban,Y
LP00837,Female,Yes,3+,Graduate,Yes,162754,0,8126,120,0.0,Semiurban,N
LP00838,Male,Yes,1,Graduate,No,162754,0,8877,120,1.0,Semiurban,Y
LP00839,Female,No,2,Not Graduate,Yes,59874,15000,3345,120,0.0,Urban,N
LP00840,Male,Yes,3+,Graduate,No,162754,0,8622,360,1.0,Urban,Y
LP00841,Male,No,2,Graduate,No,59874,0,3114,120,1.0,Urban,Y
LP00842,Male,Yes,0,Not Graduate,No,59874,21000,3377,360,1.0,Semiurban,Y
LP00843,Male,Yes,1,Not Graduate,No,162754,0,6461,240,1.0,Urban,Y
LP00844,Female,No,0,Not Graduate,No,162754,85000,900,180,1.0,Rural,Y
LP00845,Male,No,1,Not Graduate,No,162754,99000,3041,240,1.0,Urban,Y
LP00846,Male,Yes,1,Not Graduate,No,22026,0,3093,240,1.0,Urban,Y
LP00847,Female,Yes,1,Graduate,No,22026,0,655,300,1.0,Rural,Y
LP00848,Female,No,0,Graduate,No,162754,0,4838,180,1.0,Rural,Y
LP00849,Male,Yes,2,Graduate,No,59874,13000,3569,240,1.0,Urban,Y
LP00850,Male,Yes,3+,Graduate,No,8103,5000,3070,300,1.0,Urban,N
LP00851,Female,Yes,1,Graduate,No,442413,173000,15850,360,1.0,Urban,Y
LP00852,Male,No,0,Not Graduate,No,162754,99000,6140,120,1.0,Urban,Y
LP00853,Male,Yes,0,Graduate,No,59874,27000,2831,120,1.0,Semiurban,Y
LP00854,Female,No,0,Graduate,No,59874,28000,2217,180,1.0,Semiurban,Y
LP00855,Female,Yes,0,Graduate,Yes,162754,56000,9059,180,1.0,Semiurban,Y
LP00856,Male,No,0,Graduate,No,22026,18000,3009,300,1.0,Urban,Y
LP00857,Female,No,1,Not Graduate,No,59874,14000,3470,300,1.0,Rural,Y
LP00858,Male,Yes,1,Graduate,Yes,162754,0,6002,180,1.0,Urban,Y
LP00859,Male,No,2,Graduate,Yes,22026,8000,1543,240,1.0,Semiurban,Y
LP00860,Female,Yes,1,Not Graduate,Yes,22026,0,3039,240,0.0,Urban,N
LP00861,Male,Yes,1,Graduate,No,59874,0,2553,300,1.0,Semiurban,Y
LP00862,Male,Yes,0,Not Graduate,No,59874,0,3137,240,1.0,Rural,Y
LP00863,Female,Yes,1,Not Graduate,No,59874,12000,3350,120,1.0,Urban,Y
LP00864,Male,No,0,Graduate,No,59874,41000,2435,360,1.0,Semiurban,Y
LP00865,Male,Yes,1,Not Graduate,No,442413,110000,17635,120,1.0,Urban,Y
LP00866,Female,No,2,Graduate,No,22026,6000,1593,180,0.0,Semiurban,N
LP00867,Male,No,1,Graduate,No,59874,40000,1799,240,1.0,Semiurban,Y
LP00868,Male,Yes,0,Graduate,No,162754,108000,8975,180,0.0,Semiurban,N
LP00869,Male,Yes,0,Graduate,No,59874,0,2519,360,1.0,Semiurban,Y
LP00870,Female,Yes,2,Graduate,Yes,59874,0,3256,300,1.0,Rural,Y
LP00871,Female,Yes,1,Graduate,No,162754,64000,4365,360,1.0,Rural,Y
LP00872,Male,Yes,0,Not Graduate,No,59874,47000,2207,360,1.0,Rural,Y
LP00873,Male,No,1,Not Graduate,No,22026,10000,3072,300,1.0,Urban,Y
LP00874,Male,No,1,Not Graduate,No,22026,0,801,240,0.0,Rural,N
LP00875,Male,Yes,1,Graduate,No,59874,0,1495,120,1.0,Rural,Y
LP00876,Male,No,3+,Not Graduate,No,59874,33000,915,120,1.0,Rural,Y
LP00877,Male,Yes,1,Graduate,No,22026,15000,1103,180,1.0,Rural,Y
LP00878,Male,Yes,2,Graduate,No,22026,0,3046,240,0.0,Urban,N
LP00879,Male,No,0,Graduate,No,162754,0,4149,120,1.0,Urban,Y
LP00880,Male,Yes,1,Not Graduate,No,22026,15000,3062,360,1.0,Urban,Y
LP00881,Male,Yes,0,Graduate,No,59874,33000,3195,300,1.0,Urban,Y
LP00882,Male,Yes,3+,Not Graduate,No,59874,37000,3021,300,1.0,Urban,Y
LP00883,Male,Yes,1,Graduate,No,162754,85000,9307,180,0.0,Urban,N
LP00884,Female,Yes,0,Graduate,No,162754,0,7424,180,1.0,Urban,Y
LP00885,Male,No,3+,Graduate,No,442413,293000,7499,120,0.0,Urban,N
LP00886,Female,Yes,2,Not Graduate,No,22026,12000,3011,120,0.0,Urban,N
LP00887,Male,Yes,1,Graduate,No,59874,27000,871,180,1.0,Rural,Y
LP00888,Male,Yes,0,Not Graduate,No,59874,28000,1439,240,0.0,Rural,N
LP00889,Male,Yes,1,Graduate,No,59874,0,3181,180,1.0,Urban,Y
LP00890,Female,No,0,Not Graduate,No,22026,0,1522,180,0.0,Semiurban,N
LP00891,Female,No,2,Graduate,No,59874,0,3271,240,1.0,Urban,Y
LP00892,Male,Yes,2,Graduate,No,162754,0,1744,120,1.0,Semiurban,Y
LP00893,Male,Yes,0,Not Graduate,No,162754,112000,6602,120,1.0,Semiurban,Y
LP00894,Male,Yes,3+,Graduate,Yes,162754,0,3626,360,0.0,Semiurban,N
LP00895,Male,No,2,Not Graduate,No,22026,8000,1585,300,1.0,Semiurban,Y
LP00896,Male,No,0,Graduate,Yes,162754,94000,4484,180,1.0,Semiurban,Y
LP00897,Female,No,0,Graduate,Yes,162754,127000,8907,300,0.0,Semiurban,N
LP00898,Male,No,2,Graduate,No,22026,15000,1179,300,1.0,Rural,Y
LP00899,Female,No,0,Not Graduate,No,59874,42000,3563,120,1.0,Urban,Y
LP00900,Male,Yes,3+,Not Graduate,No,442413,126000,3547,180,1.0,Urban,Y
LP00901,Female,Yes,2,Graduate,No,59874,48000,3383,180,1.0,Urban,Y
LP00902,Female,Yes,3+,Not Graduate,No,22026,0,803,300,1.0,Rural,Y
LP00903,Male,Yes,1,Graduate,No,22026,7000,3076,360,0.0,Urban,N
LP00904,Male,No,2,Not Graduate,No,162754,0,5036,180,0.0,Urban,N
LP00905,Male,No,0,Not Graduate,Yes,442413,267000,1676,240,1.0,Semiurban,Y
LP00906,Female,Yes,0,Graduate,No,59874,39000,2614,240,0.0,Semiurban,N
LP00907,Male,No,0,Graduate,No,162754,61000,3844,360,1.0,Urban,Y
LP00908,Female,Yes,2,Graduate,No,8103,6000,1532,240,1.0,Semiurban,Y
LP00909,Male,No,0,Graduate,Yes,162754,0,5854,300,1.0,Semiurban,Y
LP00910,Male,No,1,Graduate,No,162754,126000,3055,360,1.0,Semiurban,Y
LP00911,Female,Yes,2,Not Graduate,No,59874,43000,1652,360,0.0,Semiurban,N
LP00912,Female,No,0,Graduate,Yes,22026,14000,867,240,0.0,Rural,N
LP00913,Male,No,0,Graduate,Yes,442413,144000,6773,360,1.0,Semiurban,Y
LP00914,Male,Yes,0,Graduate,No,442413,0,3826,120,1.0,Rural,Y
LP00915,Male,Yes,1,Graduate,No,442413,343000,1760,240,1.0,Semiurban,Y
LP00916,Female,Yes,2,Graduate,No,22026,16000,1533,300,1.0,Semiurban,Y
LP00917,Male,Yes,0,Graduate,No,162754,127000,5183,240,1.0,Semiurban,Y
LP00918,Female,Yes,1,Not Graduate,No,59874,0,3303,120,1.0,Urban,Y
LP00919,Male,Yes,2,Graduate,No,59874,35000,2571,300,1.0,Semiurban,Y
LP00920,Male,Yes,3+,Not Graduate,No,442413,350000,3609,180,1.0,Semiurban,Y
LP00921,Female,No,2,Graduate,Yes,22026,17000,976,180,1.0,Rural,Y
LP00922,Male,Yes,0,Not Graduate,Yes,162754,102000,7306,120,1.0,Semiurban,Y
LP00923,Female,Yes,3+,Not Graduate,No,162754,54000,6576,300,1.0,Semiurban,Y
LP00924,Male,No,3+,Graduate,No,22026,14000,1575,240,1.0,Semiurban,Y
LP00925,Female,Yes,1,Not Graduate,No,162754,0,3241,180,1.0,Urban,Y
LP00926,Male,No,1,Not Graduate,No,59874,0,2774,120,1.0,Semiurban,Y
LP00927,Female,No,1,Graduate,No,442413,0,11446,120,1.0,Urban,Y
LP00928,Male,Yes,0,Not Graduate,No,22026,12000,3022,120,1.0,Urban,N
LP00929,Female,Yes,0,Graduate,No,162754,102000,4656,180,1.0,Rural,Y
LP00930,Male,Yes,3+,Not Graduate,No,22026,0,3021,360,0.0,Urban,N
LP00931,Male,Yes,3+,Not Graduate,No,59874,16000,768,360,1.0,Rural,Y
LP00932,Female,Yes,1,Graduate,No,442413,311000,4758,120,1.0,Rural,Y
LP00933,Female,No,1,Not Graduate,No,59874,0,1699,180,0.0,Rural,N
LP00934,Male,Yes,0,Graduate,No,442413,274000,4364,360,1.0,Urban,Y
LP00935,Male,No,2,Graduate,Yes,8103,3000,3068,240,1.0,Urban,N
LP00936,Female,Yes,0,Graduate,No,22026,14000,1231,120,1.0,Rural,Y
LP00937,Male,Yes,0,Not Graduate,No,442413,0,4400,240,0.0,Semiurban,N
LP00938,Female,Yes,0,Graduate,No,59874,34000,3176,180,1.0,Rural,Y
LP00939,Male,No,1,Graduate,No,162754,94000,842,300,1.0,Rural,Y
LP00940,Male,Yes,0,Not Graduate,No,59874,0,3291,300,1.0,Urban,Y
LP00941,Male,Yes,0,Graduate,No,442413,122000,4341,120,1.0,Rural,Y
LP00942,Male,Yes,2,Graduate,No,59874,36000,2274,360,1.0,Semiurban,Y
LP00943,Female,Yes,0,Graduate,No,59874,14000,3156,300,0.0,Urban,N
LP00944,Female,Yes,2,Graduate,No,59874,0,1800,360,1.0,Rural,Y
LP00945,Female,Yes,1,Graduate,Yes,22026,0,506,180,1.0,Rural,Y
LP00946,Female,Yes,0,Graduate,No,162754,96000,8616,240,1.0,Urban,Y
LP00947,Male,No,2,Graduate,No,162754,0,3450,360,1.0,Rural,Y
LP00948,Female,Yes,0,Graduate,No,22026,16000,1551,180,1.0,Semiurban,Y
LP00949,Female,Yes,1,Not Graduate,No,442413,0,3680,300,1.0,Semiurban,Y
LP00950,Male,Yes,3+,Graduate,No,162754,95000,3718,180,1.0,Rural,Y
LP00951,Male,No,0,Not Graduate,No,8103,2000,1566,300,1.0,Semiurban,Y
LP00952,Male,Yes,0,Not Graduate,No,162754,47000,4338,240,1.0,Rural,Y
LP00953,Female,No,1,Graduate,No,59874,0,1851,120,1.0,Semiurban,Y
LP00954,Male,Yes,3+,Graduate,No,22026,9000,986,300,1.0,Rural,Y
LP00955,Male,Yes,2,Graduate,No,22026,12000,3089,300,0.0,Urban,N
LP00956,Female,No,0,Graduate,No,22026,0,3075,120,1.0,Urban,N
LP00957,Female,No,1,Graduate,No,442413,351000,1064,240,1.0,Rural,Y
LP00958,Female,Yes,3+,Not Graduate,No,59874,25000,1565,300,1.0,Semiurban,Y
LP00959,Male,No,1,Graduate,No,442413,0,926,180,1.0,Rural,Y
LP00960,Female,Yes,0,Not Graduate,No,22026,17000,1594,120,1.0,Semiurban,Y
LP00961,Male,Yes,1,Graduate,No,22026,18000,3052,300,1.0,Urban,Y
LP00962,Male,Yes,0,Graduate,No,442413,326000,3605,120,0.0,Semiurban,N
LP00963,Male,Yes,1,Graduate,No,162754,0,1076,240,1.0,Rural,Y
LP00964,Male,No,2,Graduate,Yes,59874,0,1875,120,1.0,Semiurban,Y
LP00965,Female,Yes,0,Graduate,No,59874,34000,3421,180,1.0,Semiurban,Y
LP00966,Male,Yes,0,Graduate,No,162754,101000,4541,120,1.0,Urban,Y
LP00967,Male,No,0,Graduate,No,59874,42000,1528,180,1.0,Semiurban,Y
LP00968,Female,Yes,0,Graduate,No,162754,102000,2945,120,1.0,Semiurban,Y
LP00969,Female,No,2,Graduate,No,59874,0,3017,300,1.0,Semiurban,Y
LP00970,Female,Yes,1,Graduate,No,162754,127000,9108,300,1.0,Semiurban,Y
LP00971,Male,No,1,Graduate,Yes,442413,0,17233,120,1.0,Urban,Y
LP00972,Male,Yes,0,Graduate,Yes,22026,0,3035,360,1.0,Urban,Y
LP00973,Male,No,1,Not Graduate,Yes,22026,0,1222,240,1.0,Rural,Y
LP00974,Female,No,1,Graduate,No,162754,44000,7338,180,1.0,Urban,Y
LP00975,Female,No,2,Graduate,No,22026,0,3088,240,1.0,Urban,Y
LP00976,Female,No,2,Graduate,No,22026,0,3029,360,1.0,Urban,Y
LP00977,Male,No,0,Graduate,No,162754,0,3666,240,1.0,Urban,Y
LP00978,Female,No,0,Graduate,No,59874,29000,3093,180,1.0,Rural,Y
LP00979,Male,Yes,1,Not Graduate,No,59874,0,1993,180,1.0,Semiurban,Y
LP00980,Male,Yes,0,Graduate,No,22026,0,1167,120,1.0,Rural,Y
LP00981,Male,Yes,2,Not Graduate,No,59874,0,3367,240,1.0,Semiurban,Y
LP00982,Male,Yes,3+,Graduate,No,22026,12000,1582,300,1.0,Semiurban,Y
LP00983,Male,Yes,2,Graduate,No,22026,14000,565,300,0.0,Rural,N
LP00984,Male,No,0,Graduate,No,22026,5000,3082,300,1.0,Urban,Y
LP00985,Female,Yes,0,Graduate,Yes,162754,0,698,360,1.0,Rural,Y
LP00986,Male,Yes,0,Graduate,No,59874,13000,3516,240,1.0,Semiurban,Y
LP00987,Female,Yes,0,Graduate,Yes,59874,0,3521,240,0.0,Urban,N
LP00988,Male,No,2,Graduate,No,22026,9000,1533,240,1.0,Semiurban,Y
LP00989,Female,Yes,1,Not Graduate,No,22026,0,1260,120,0.0,Rural,N
LP00990,Female,Yes,2,Graduate,No,162754,0,4776,240,1.0,Urban,Y
LP00991,Male,Yes,0,Graduate,No,59874,0,3513,180,1.0,Semiurban,Y
LP00992,Female,No,0,Graduate,Yes,8103,0,3038,120,1.0,Urban,N
LP00993,Female,No,0,Graduate,No,59874,0,1718,120,1.0,Rural,Y
LP00994,Male,No,3+,Not Graduate,No,162754,0,1930,300,1.0,Rural,Y
LP00995,Male,Yes,2,Graduate,No,59874,17000,3407,120,1.0,Urban,Y
LP00996,Female,Yes,3+,Graduate,Yes,162754,0,4660,300,0.0,Urban,N
LP00997,Male,Yes,3+,Graduate,No,162754,75000,9487,300,1.0,Urban,Y
LP00998,Male,Yes,1,Graduate,Yes,59874,0,3167,240,1.0,Semiurban,Y
LP00999,Male,Yes,0,Graduate,No,59874,0,854,300,1.0,Rural,Y
LP01000,Male,Yes,2,Not Graduate,Yes,162754,91000,8183,360,0.0,Urban,N
LP01001,Male,No,0,Not Graduate,No,22026,0,1569,360,1.0,Semiurban,Y
LP01002,Female,No,0,Graduate,No,22026,12000,3066,300,1.0,Urban,Y
LP01003,Male,Yes,2,Not Graduate,No,59874,39000,3516,120,1.0,Urban,Y
LP01004,Female,Yes,2,Graduate,No,442413,0,3483,240,1.0,Semiurban,Y
LP01005,Female,No,0,Graduate,Yes,59874,24000,1353,240,1.0,Rural,Y
LP01006,Female,Yes,2,Not Graduate,No,59874,39000,3231,120,1.0,Semiurban,Y
LP01007,Female,Yes,3+,Graduate,Yes,162754,86000,5010,120,1.0,Urban,Y
LP01008,Male,No,0,Not Graduate,Yes,442413,0,6111,300,1.0,Urban,Y
LP01009,Male,No,2,Not Graduate,No,162754,0,2298,360,1.0,Semiurban,Y
LP01010,Male,Yes,2,Graduate,No,162754,0,9466,300,1.0,Semiurban,Y
LP01011,Male,No,2,Graduate,No,59874,30000,3118,300,1.0,Urban,Y
LP01012,Female,Yes,1,Graduate,No,162754,43000,3274,300,1.0,Urban,Y
LP01013,Male,Yes,0,Graduate,No,59874,43000,1598,120,1.0,Semiurban,Y
LP01014,Male,No,1,Graduate,Yes,22026,7000,807,180,1.0,Rural,Y
LP01015,Female,Yes,0,Not Graduate,Yes,59874,17000,3467,180,0.0,Semiurban,N
LP01016,Male,Yes,1,Graduate,No,8103,6000,561,120,1.0,Rural,Y
LP01017,Female,Yes,0,Not Graduate,No,22026,0,1505,300,0.0,Semiurban,N
LP01018,Female,No,1,Graduate,No,22026,16000,1530,180,1.0,Semiurban,Y
LP01019,Male,No,1,Graduate,Yes,162754,69000,5300,300,1.0,Urban,Y
LP01020,Male,Yes,0,Graduate,No,59874,37000,2062,360,1.0,Semiurban,Y
LP01021,Male,Yes,0,Graduate,No,22026,0,3029,360,1.0,Urban,Y
LP01022,Male,Yes,0,Not Graduate,No,22026,15000,1598,180,1.0,Semiurban,Y
LP01023,Male,No,2,Graduate,No,59874,22000,2342,180,1.0,Semiurban,Y
LP01024,Female,No,1,Graduate,No,59874,0,1534,120,1.0,Rural,Y
LP01025,Male,Yes,1,Graduate,No,162754,113000,7648,360,1.0,Urban,Y
LP01026,Female,Yes,0,Graduate,No,22026,5000,3035,120,1.0,Urban,Y
LP01027,Male,Yes,0,Not Graduate,No,59874,0,3283,360,1.0,Urban,Y
LP01028,Male,No,3+,Graduate,No,162754,0,4664,300,1.0,Urban,Y
LP01029,Male,Yes,1,Graduate,No,8103,3000,521,360,0.0,Rural,N
LP01030,Male,No,1,Not Graduate,No,59874,28000,3074,180,0.0,Semiurban,N
LP01031,Female,Yes,2,Graduate,No,162754,0,7855,360,0.0,Semiurban,N
LP01032,Female,Yes,2,Graduate,No,22026,0,3029,240,1.0,Urban,Y
LP01033,Female,No,2,Graduate,No,59874,25000,3502,120,1.0,Urban,Y
LP01034,Male,Yes,0,Not Graduate,No,59874,31000,3037,180,0.0,Urban,N
LP01035,Male,No,0,Not Graduate,Yes,8103,4000,1518,240,0.0,Semiurban,N
LP01036,Male,Yes,1,Graduate,Yes,162754,124000,5361,180,1.0,Urban,Y
LP01037,Female,No,0,Not Graduate,No,8103,2000,1599,120,1.0,Semiurban,N
LP01038,Male,No,0,Graduate,No,59874,14000,1184,180,1.0,Rural,Y
LP01039,Male,Yes,2,Not Graduate,No,22026,0,3020,180,1.0,Urban,N
LP01040,Male,Yes,1,Not Graduate,No,59874,47000,2949,360,1.0,Semiurban,Y
LP01041,Male,No,1,Graduate,No,162754,0,7913,120,0.0,Urban,N
LP01042,Female,Yes,0,Graduate,No,59874,28000,3568,360,1.0,Rural,Y
LP01043,Female,Yes,0,Not Graduate,No,59874,0,3474,180,1.0,Urban,Y
LP01044,Male,Yes,0,Graduate,No,442413,0,3406,240,0.0,Rural,N
LP01045,Male,Yes,3+,Not Graduate,Yes,59874,0,3149,120,1.0,Urban,Y
LP01046,Male,Yes,1,Graduate,No,22026,0,1574,360,1.0,Semiurban,Y
LP01047,Male,Yes,2,Graduate,No,59874,45000,2852,300,1.0,Semiurban,Y
LP01048,Male,Yes,3+,Graduate,No,8103,3000,1524,360,1.0,Semiurban,Y
LP01049,Female,Yes,1,Graduate,No,22026,0,3100,300,1.0,Urban,Y
LP01050,Female,Yes,0,Graduate,No,442413,157000,6916,360,1.0,Semiurban,Y
LP01051,Male,Yes,2,Not Graduate,No,162754,0,6554,120,1.0,Urban,Y
LP01052,Male,No,1,Not Graduate,No,8103,0,531,180,1.0,Rural,Y
LP01053,Male,Yes,1,Graduate,No,22026,0,1584,300,1.0,Semiurban,Y
LP01054,Male,No,0,Graduate,Yes,8103,4000,575,300,1.0,Rural,Y
LP01055,Male,Yes,0,Not Graduate,No,162754,0,1639,120,1.0,Semiurban,Y
LP01056,Female,No,2,Graduate,Yes,8103,5000,1585,240,1.0,Semiurban,Y
LP01057,Male,No,0,Graduate,No,162754,0,3701,180,0.0,Rural,N
LP01058,Male,No,0,Graduate,Yes,162754,83000,5166,300,1.0,Semiurban,Y
LP01059,Male,No,2,Not Graduate,No,59874,26000,2766,180,1.0,Semiurban,Y
LP01060,Female,Yes,0,Not Graduate,Yes,22026,0,1204,240,1.0,Rural,Y
LP01061,Male,Yes,1,Not Graduate,No,59874,44000,2991,120,1.0,Semiurban,Y
LP01062,Male,No,0,Graduate,No,59874,0,2839,180,1.0,Semiurban,Y
LP01063,Female,No,3+,Not Graduate,No,162754,0,6988,120,0.0,Urban,N
LP01064,Male,Yes,1,Graduate,No,8103,0,3078,240,1.0,Urban,N
LP01065,Male,Yes,2,Graduate,No,162754,84000,7837,360,1.0,Urban,Y
LP01066,Female,No,1,Not Graduate,No,162754,0,2528,300,1.0,Semiurban,Y
LP01067,Female,No,3+,Graduate,No,59874,0,3234,120,1.0,Urban,Y
LP01068,Male,Yes,0,Not Graduate,No,8103,4000,3053,360,1.0,Urban,N
LP01069,Female,No,2,Not Graduate,No,162754,86000,5347,120,0.0,Semiurban,N
LP01070,Male,No,0,Graduate,No,59874,38000,3299,180,1.0,Urban,Y
LP01071,Male,No,0,Graduate,Yes,59874,14000,997,180,0.0,Rural,N
LP01072,Female,No,3+,Not Graduate,Yes,22026,11000,1561,120,1.0,Semiurban,Y
LP01073,Male,Yes,2,Graduate,No,442413,253000,5078,120,1.0,Urban,Y
LP01074,Female,Yes,3+,Not Graduate,No,59874,0,3412,360,1.0,Urban,Y
LP01075,Male,Yes,2,Not Graduate,Yes,59874,30000,2086,300,1.0,Rural,Y
LP01076,Male,Yes,1,Graduate,No,59874,0,3398,240,1.0,Semiurban,Y
LP01077,Female,Yes,1,Graduate,Yes,442413,0,2032,360,1.0,Semiurban,Y
LP01078,Male,Yes,0,Graduate,No,442413,354000,7069,240,0.0,Semiurban,N
LP01079,Female,No,1,Graduate,No,8103,0,1517,120,0.0,Semiurban,N
LP01080,Male,Yes,0,Graduate,No,59874,0,3318,240,0.0,Urban,N
LP01081,Male,Yes,2,Not Graduate,No,59874,23000,1666,300,1.0,Semiurban,Y
LP01082,Male,No,0,Graduate,No,162754,72000,5165,120,1.0,Urban,Y
LP01083,Female,No,0,Graduate,No,59874,29000,1193,180,1.0,Rural,Y
LP01084,Male,Yes,2,Not Graduate,No,162754,0,4957,300,1.0,Semiurban,Y
LP01085,Male,No,0,Graduate,No,59874,44000,2544,300,1.0,Semiurban,Y
LP01086,Male,Yes,0,Graduate,No,22026,0,1529,120,0.0,Semiurban,N
LP01087,Female,No,2,Graduate,No,162754,114000,3886,120,1.0,Rural,Y
LP01088,Female,No,2,Graduate,No,59874,0,2346,180,1.0,Semiurban,Y
LP01089,Male,No,3+,Graduate,No,8103,2000,3095,120,1.0,Urban,N
LP01090,Female,Yes,0,Graduate,Yes,162754,0,4181,180,1.0,Rural,Y
LP01091,Female,No,3+,Graduate,No,22026,9000,1565,360,1.0,Semiurban,Y
LP01092,Male,Yes,0,Not Graduate,No,22026,6000,3032,240,0.0,Urban,N
LP01093,Female,No,1,Graduate,No,59874,17000,2840,120,1.0,Semiurban,Y
LP01094,Male,Yes,0,Not Graduate,No,59874,0,2961,300,1.0,Semiurban,Y
LP01095,Male,Yes,0,Graduate,No,22026,0,1502,360,1.0,Semiurban,Y
LP01096,Male,No,0,Graduate,No,162754,46000,4789,180,1.0,Urban,Y
LP01097,Male,Yes,1,Graduate,No,22026,0,1578,180,1.0,Semiurban,Y
LP01098,Male,Yes,2,Graduate,No,162754,0,5044,300,1.0,Semiurban,Y
LP01099,Female,Yes,1,Graduate,No,162754,87000,3220,180,1.0,Urban,Y
LP01100,Female,Yes,2,Graduate,Yes,162754,0,8420,120,1.0,Urban,Y
LP01101,Male,Yes,2,Not Graduate,No,162754,100000,4380,180,1.0,Rural,Y
LP01102,Male,No,1,Graduate,Yes,59874,18000,3568,360,0.0,Urban,N
LP01103,Male,No,1,Not Graduate,No,162754,97000,6678,180,1.0,Urban,Y
LP01104,Male,Yes,0,Not Graduate,No,22026,17000,3014,360,1.0,Urban,Y
LP01105,Male,Yes,2,Graduate,No,59874,41000,2236,120,1.0,Semiurban,Y
LP01106,Female,Yes,1,Not Graduate,No,59874,0,2057,240,0.0,Semiurban,N
LP01107,Male,Yes,2,Graduate,No,8103,4000,1510,360,1.0,Semiurban,Y
LP01108,Male,No,0,Not Graduate,No,162754,41000,1164,180,1.0,Rural,Y
LP01109,Male,No,0,Not Graduate,No,162754,103000,6625,240,1.0,Semiurban,Y
LP01110,Female,No,0,Graduate,No,59874,45000,2116,120,1.0,Semiurban,Y
LP01111,Female,Yes,2,Graduate,No,59874,0,2506,240,1.0,Semiurban,Y
LP01112,Female,Yes,0,Graduate,Yes,162754,69000,7499,120,1.0,Semiurban,Y
LP01113,Male,Yes,2,Graduate,Yes,22026,13000,1579,300,1.0,Semiurban,Y
LP01114,Female,No,2,Graduate,Yes,442413,156000,7071,360,0.0,Urban,N
LP01115,Female,No,0,Not Graduate,No,59874,21000,3048,180,1.0,Semiurban,Y
LP01116,Male,Yes,2,Graduate,No,59874,36000,3169,240,1.0,Semiurban,Y
LP01117,Male,No,2,Graduate,No,22026,8000,541,300,0.0,Rural,N
LP01118,Male,Yes,2,Not Graduate,No,22026,9000,3037,180,1.0,Urban,Y
LP01119,Female,No,2,Graduate,No,162754,84000,2350,120,1.0,Rural,Y
LP01120,Male,Yes,3+,Graduate,No,162754,36000,6273,120,1.0,Semiurban,Y
LP01121,Female,Yes,2,Graduate,No,59874,0,3144,180,0.0,Urban,N
LP01122,Male,Yes,3+,Graduate,Yes,22026,11000,914,180,1.0,Rural,Y
LP01123,Female,Yes,1,Graduate,Yes,162754,126000,3780,300,1.0,Urban,Y
LP01124,Male,No,3+,Graduate,No,442413,0,1417,300,1.0,Rural,Y
LP01125,Female,Yes,0,Not Graduate,No,162754,91000,1550,300,0.0,Semiurban,N
LP01126,Male,Yes,3+,Graduate,No,162754,43000,2350,240,1.0,Rural,Y
LP01127,Male,Yes,0,Graduate,No,162754,0,7143,360,1.0,Urban,Y
LP01128,Male,Yes,0,Graduate,No,22026,5000,1580,240,1.0,Semiurban,Y
LP01129,Female,Yes,3+,Graduate,No,59874,27000,1672,120,0.0,Semiurban,N
LP01130,Female,Yes,1,Graduate,No,59874,0,909,180,0.0,Rural,N
LP01131,Female,Yes,0,Graduate,No,22026,11000,1582,360,0.0,Semiurban,N
LP01132,Female,Yes,3+,Graduate,No,442413,179000,9313,180,0.0,Semiurban,N
LP01133,Female,No,1,Graduate,No,59874,0,3349,240,1.0,Semiurban,Y
LP01134,Male,No,1,Graduate,No,442413,156000,8100,180,1.0,Semiurban,Y
LP01135,Female,Yes,1,Not Graduate,No,162754,92000,8974,360,1.0,Semiurban,Y
LP01136,Female,Yes,1,Graduate,Yes,59874,32000,2217,180,0.0,Semiurban,N
LP01137,Male,No,2,Graduate,No,59874,14000,3365,360,1.0,Rural,Y
LP01138,Female,Yes,1,Not Graduate,No,59874,20000,3225,360,1.0,Urban,Y
LP01139,Female,No,2,Not Graduate,No,59874,22000,2911,120,0.0,Semiurban,N
LP01140,Male,No,1,Graduate,No,22026,0,944,180,1.0,Rural,Y
LP01141,Male,Yes,1,Graduate,No,59874,16000,1279,180,0.0,Rural,N
LP01142,Female,Yes,2,Not Graduate,No,162754,59000,3241,120,0.0,Urban,N
LP01143,Male,No,0,Graduate,No,442413,119000,9755,300,1.0,Semiurban,Y
LP01144,Male,No,2,Graduate,No,22026,0,1509,360,0.0,Semiurban,N
LP01145,Male,Yes,2,Not Graduate,No,442413,102000,2306,240,1.0,Rural,Y
LP01146,Male,Yes,1,Graduate,No,162754,45000,3322,180,1.0,Rural,Y
LP01147,Female,No,1,Graduate,No,8103,5000,1502,240,1.0,Semiurban,Y
LP01148,Male,Yes,0,Graduate,No,59874,0,2143,240,1.0,Rural,Y
LP01149,Male,Yes,0,Not Graduate,No,22026,0,3028,120,1.0,Urban,Y
LP01150,Female,Yes,1,Graduate,No,22026,8000,3075,240,1.0,Urban,Y
LP01151,Female,No,0,Graduate,No,442413,0,5374,120,1.0,Semiurban,Y
LP01152,Male,Yes,3+,Not Graduate,No,162754,0,3011,180,0.0,Semiurban,N
LP01153,Female,Yes,2,Graduate,No,442413,283000,8675,300,1.0,Semiurban,Y
LP01154,Female,Yes,3+,Not Graduate,Yes,22026,0,1594,300,1.0,Semiurban,Y
LP01155,Female,Yes,2,Graduate,No,162754,124000,3818,180,1.0,Rural,Y
LP01156,Male,No,1,Graduate,No,22026,6000,3086,300,0.0,Urban,N
LP01157,Male,No,1,Graduate,Yes,162754,108000,3595,180,0.0,Urban,N
LP01158,Female,No,3+,Graduate,No,59874,40000,2148,120,1.0,Semiurban,Y
LP01159,Female,No,2,Not Graduate,No,162754,103000,7156,240,0.0,Urban,N
LP01160,Male,No,1,Graduate,Yes,59874,47000,3451,120,1.0,Urban,Y
LP01161,Female,Yes,1,Graduate,No,442413,208000,2777,300,0.0,Semiurban,N
LP01162,Female,Yes,1,Graduate,Yes,442413,129000,6744,180,1.0,Semiurban,Y
LP01163,Male,No,0,Graduate,No,22026,8000,1589,120,1.0,Semiurban,Y
LP01164,Male,No,1,Graduate,No,8103,0,1522,360,1.0,Semiurban,Y
LP01165,Male,Yes,0,Not Graduate,No,22026,8000,1581,180,0.0,Semiurban,N
LP01166,Female,No,2,Graduate,No,442413,0,4193,300,1.0,Semiurban,Y
LP01167,Female,No,0,Not Graduate,No,59874,0,1203,360,1.0,Rural,Y
LP01168,Male,Yes,2,Graduate,No,162754,0,710,240,0.0,Rural,N
LP01169,Male,Yes,1,Not Graduate,No,162754,0,5173,240,1.0,Semiurban,Y
LP01170,Female,No,2,Graduate,No,59874,0,2883,240,1.0,Rural,Y
LP01171,Female,Yes,1,Graduate,Yes,22026,0,3093,180,1.0,Urban,N
LP01172,Male,No,3+,Graduate,No,22026,17000,1589,180,0.0,Semiurban,N
LP01173,Female,Yes,2,Graduate,No,59874,37000,3484,360,1.0,Urban,Y
LP01174,Female,Yes,1,Graduate,No,162754,124000,8514,360,1.0,Semiurban,Y
LP01175,Female,No,1,Graduate,No,59874,0,3589,240,1.0,Semiurban,Y
LP01176,Male,Yes,1,Not Graduate,No,162754,0,5494,180,0.0,Urban,N
LP01177,Female,No,2,Graduate,No,442413,0,15206,240,1.0,Urban,Y
LP01178,Male,Yes,1,Not Graduate,No,22026,0,3043,240,1.0,Urban,Y
LP01179,Male,Yes,1,Not Graduate,No,59874,26000,3502,360,1.0,Urban,Y
LP01180,Female,Yes,3+,Not Graduate,No,59874,0,3171,360,0.0,Urban,N
LP01181,Male,No,0,Graduate,No,162754,0,3569,120,1.0,Semiurban,Y
LP01182,Male,Yes,0,Graduate,Yes,22026,0,3059,360,1.0,Urban,Y
LP01183,Male,No,1,Not Graduate,No,22026,8000,3071,240,1.0,Urban,Y
LP01184,Female,No,0,Graduate,No,59874,32000,2107,120,1.0,Rural,Y
LP01185,Female,No,3+,Graduate,Yes,59874,20000,2262,360,0.0,Semiurban,N
LP01186,Male,Yes,1,Graduate,No,442413,263000,1117,360,1.0,Rural,Y
LP01187,Male,Yes,0,Graduate,No,59874,19000,2761,360,1.0,Semiurban,Y
LP01188,Male,No,1,Graduate,No,22026,12000,3078,300,1.0,Urban,Y
LP01189,Male,No,1,Not Graduate,No,59874,0,3252,240,1.0,Urban,Y
LP01190,Female,No,0,Not Graduate,No,442413,123000,6229,120,1.0,Urban,Y
LP01191,Male,No,2,Graduate,No,22026,15000,3066,300,1.0,Urban,Y
LP01192,Female,No,2,Not Graduate,No,59874,41000,2327,120,1.0,Semiurban,Y
LP01193,Female,Yes,1,Graduate,No,59874,0,1360,180,0.0,Rural,N
LP01194,Male,No,1,Graduate,No,162754,0,4415,180,1.0,Rural,Y
LP01195,Female,Yes,0,Not Graduate,No,442413,221000,3386,360,1.0,Semiurban,Y
LP01196,Male,Yes,0,Not Graduate,No,162754,0,2962,360,1.0,Semiurban,Y
LP01197,Male,Yes,3+,Graduate,No,22026,11000,3031,300,1.0,Urban,Y
LP01198,Male,Yes,1,Graduate,No,162754,108000,3951,120,1.0,Semiurban,Y
LP01199,Male,Yes,0,Not Graduate,No,22026,0,1517,240,1.0,Semiurban,Y
LP01200,Female,Yes,2,Graduate,No,162754,97000,7156,180,1.0,Semiurban,Y
LP01201,Female,Yes,0,Graduate,No,22026,0,3069,240,1.0,Urban,Y
LP01202,Male,Yes,3+,Not Graduate,No,442413,185000,18706,180,1.0,Urban,Y
LP01203,Male,Yes,1,Graduate,No,59874,0,1032,180,1.0,Rural,Y
LP01204,Female,Yes,0,Not Graduate,No,59874,22000,1740,180,1.0,Semiurban,Y
LP01205,Male,No,1,Graduate,No,59874,0,3019,120,1.0,Semiurban,Y
LP01206,Male,Yes,0,Graduate,No,162754,43000,3486,360,1.0,Urban,Y
LP01207,Female,Yes,0,Graduate,No,59874,0,2502,120,1.0,Rural,Y
LP01208,Male,No,2,Graduate,Yes,162754,78000,7164,180,1.0,Urban,Y
LP01209,Male,Yes,1,Graduate,Yes,162754,59000,4634,240,0.0,Urban,N
LP01210,Male,Yes,0,Graduate,No,59874,0,2337,120,1.0,Semiurban,Y
LP01211,Male,Yes,2,Not Graduate,No,442413,156000,7949,300,1.0,Semiurban,Y
LP01212,Male,Yes,0,Not Graduate,Yes,22026,0,3080,240,1.0,Urban,Y
LP01213,Female,No,0,Graduate,No,22026,12000,3098,360,0.0,Urban,N
LP01214,Female,No,1,Graduate,Yes,442413,100000,19444,360,1.0,Urban,Y
LP01215,Male,Yes,1,Graduate,No,59874,0,1313,120,1.0,Rural,Y
LP01216,Male,Yes,2,Graduate,No,22026,11000,772,360,1.0,Rural,Y
LP01217,Female,No,1,Graduate,No,59874,16000,3327,360,0.0,Semiurban,N
LP01218,Male,No,2,Not Graduate,Yes,22026,16000,3011,120,1.0,Urban,N
LP01219,Female,No,2,Graduate,No,442413,347000,10707,120,1.0,Urban,Y
LP01220,Male,Yes,3+,Graduate,No,22026,0,1015,360,1.0,Rural,Y
LP01221,Female,No,1,Not Graduate,No,442413,0,1816,180,1.0,Rural,Y
LP01222,Male,Yes,3+,Graduate,No,22026,0,1533,120,1.0,Semiurban,Y
LP01223,Male,Yes,2,Not Graduate,Yes,59874,39000,3161,120,1.0,Urban,Y
LP01224,Male,Yes,2,Graduate,No,162754,123000,2319,300,1.0,Semiurban,Y
LP01225,Male,Yes,0,Not Graduate,Yes,22026,12000,1522,180,1.0,Semiurban,Y
LP01226,Male,Yes,2,Graduate,No,162754,71000,2240,240,0.0,Semiurban,N
LP01227,Female,No,0,Graduate,No,59874,0,3523,300,1.0,Urban,Y
LP01228,Male,Yes,0,Not Graduate,No,162754,45000,2318,360,1.0,Rural,Y
LP01229,Male,No,0,Graduate,No,22026,11000,1089,360,1.0,Rural,Y
LP01230,Male,Yes,3+,Graduate,No,59874,35000,1337,180,1.0,Rural,Y
LP01231,Male,Yes,2,Not Graduate,No,8103,2000,599,240,0.0,Rural,N
LP01232,Female,Yes,0,Graduate,Yes,22026,0,3035,240,1.0,Urban,Y
LP01233,Male,Yes,0,Not Graduate,No,162754,0,4909,240,1.0,Rural,Y
LP01234,Male,No,0,Graduate,No,59874,42000,3231,120,0.0,Urban,N
LP01235,Female,No,1,Not Graduate,No,162754,0,7985,360,1.0,Semiurban,Y
LP01236,Male,Yes,2,Not Graduate,No,442413,0,3708,120,1.0,Semiurban,Y
LP01237,Female,Yes,2,Graduate,No,59874,0,3443,120,1.0,Semiurban,Y
LP01238,Female,Yes,2,Not Graduate,No,59874,0,3266,360,1.0,Urban,Y
LP01239,Male,Yes,0,Graduate,No,162754,57000,6305,120,0.0,Semiurban,N
LP01240,Male,No,2,Graduate,No,59874,0,2789,240,1.0,Semiurban,Y
LP01241,Male,No,0,Not Graduate,No,22026,0,1123,360,1.0,Rural,Y
LP01242,Male,No,3+,Not Graduate,No,59874,0,3342,300,1.0,Urban,Y
LP01243,Male,No,0,Not Graduate,No,8103,0,554,300,0.0,Rural,N
LP01244,Male,Yes,0,Graduate,Yes,59874,0,3257,360,1.0,Urban,Y
LP01245,Male,Yes,0,Not Graduate,No,59874,0,3572,300,1.0,Urban,Y
LP01246,Male,No,1,Not Graduate,Yes,59874,21000,3115,180,0.0,Rural,N
LP01247,Male,No,3+,Graduate,No,162754,0,8705,240,1.0,Urban,Y
LP01248,Male,Yes,3+,Graduate,No,59874,0,3238,360,1.0,Urban,Y
LP01249,Female,Yes,2,Not Graduate,Yes,22026,0,1543,300,1.0,Semiurban,Y
LP01250,Male,Yes,0,Not Graduate,No,162754,81000,9008,360,0.0,Urban,N
LP01251,Male,Yes,2,Not Graduate,No,162754,36000,7414,360,1.0,Urban,Y
LP01252,Male,No,2,Graduate,No,22026,0,1591,240,1.0,Semiurban,Y
LP01253,Male,Yes,2,Graduate,No,22026,0,1539,180,1.0,Semiurban,Y
LP01254,Female,No,1,Not Graduate,No,59874,24000,2642,180,1.0,Semiurban,Y
LP01255,Female,No,0,Graduate,No,59874,0,3222,360,1.0,Urban,Y
LP01256,Female,No,3+,Not Graduate,No,22026,11000,1568,240,1.0,Semiurban,Y
LP01257,Female,Yes,1,Graduate,No,162754,0,6942,240,1.0,Urban,Y
LP01258,Male,Yes,0,Graduate,Yes,162754,70000,4433,240,1.0,Urban,Y
LP01259,Female,No,1,Graduate,Yes,59874,47000,3511,360,1.0,Urban,Y
LP01260,Female,Yes,0,Not Graduate,No,59874,0,1979,120,1.0,Semiurban,Y
LP01261,Male,No,0,Not Graduate,No,22026,13000,1586,360,1.0,Semiurban,Y
LP01262,Male,Yes,1,Not Graduate,No,59874,35000,2915,120,1.0,Rural,Y
LP01263,Male,Yes,1,Not Graduate,No,22026,12000,1504,120,1.0,Semiurban,Y
LP01264,Male,No,3+,Graduate,No,59874,0,3339,120,1.0,Urban,Y
LP01265,Female,Yes,3+,Graduate,No,22026,8000,3090,120,1.0,Urban,Y
LP01266,Male,Yes,2,Graduate,Yes,442413,213000,1746,360,1.0,Semiurban,Y
LP01267,Male,Yes,1,Graduate,No,162754,70000,1752,300,1.0,Semiurban,Y
LP01268,Male,Yes,0,Graduate,No,162754,0,8524,360,1.0,Semiurban,Y
LP01269,Male,Yes,1,Graduate,No,8103,5000,3058,240,0.0,Urban,N
LP01270,Female,Yes,0,Not Graduate,No,442413,0,5386,180,1.0,Urban,Y
LP01271,Male,Yes,3+,Graduate,No,22026,9000,3100,180,1.0,Urban,Y
LP01272,Female,Yes,0,Not Graduate,No,22026,11000,3075,360,1.0,Urban,Y
LP01273,Male,No,3+,Not Graduate,No,442413,269000,9464,240,0.0,Semiurban,N
LP01274,Male,Yes,1,Graduate,No,22026,5000,1528,300,0.0,Semiurban,N
LP01275,Female,Yes,3+,Graduate,No,162754,0,7587,180,1.0,Urban,Y
LP01276,Male,Yes,1,Graduate,No,22026,6000,1509,300,1.0,Semiurban,Y
LP01277,Female,No,2,Graduate,No,59874,46000,3118,120,1.0,Urban,Y
LP01278,Female,No,0,Not Graduate,Yes,22026,7000,3006,300,0.0,Urban,N
LP01279,Male,Yes,1,Not Graduate,No,22026,15000,1564,120,1.0,Semiurban,Y
LP01280,Female,Yes,1,Not Graduate,No,59874,24000,2553,360,1.0,Semiurban,Y
LP01281,Male,Yes,2,Graduate,No,442413,0,2854,240,1.0,Semiurban,Y
LP01282,Male,Yes,0,Not Graduate,No,59874,20000,3293,240,1.0,Semiurban,Y
LP01283,Female,No,0,Not Graduate,No,442413,286000,9349,300,1.0,Urban,Y
LP01284,Male,Yes,1,Graduate,No,162754,121000,6325,240,0.0,Urban,N
LP01285,Male,Yes,0,Not Graduate,No,59874,0,2991,120,0.0,Semiurban,N
LP01286,Female,Yes,0,Not Graduate,No,22026,0,3085,120,0.0,Urban,N
LP01287,Male,Yes,3+,Not Graduate,No,59874,17000,3323,240,1.0,Semiurban,Y
LP01288,Male,Yes,2,Graduate,No,442413,0,505,180,0.0,Rural,N
LP01289,Female,Yes,3+,Not Graduate,No,442413,290000,2793,120,1.0,Semiurban,Y
LP01290,Female,No,0,Not Graduate,No,59874,0,2657,300,1.0,Semiurban,Y
LP01291,Female,Yes,1,Graduate,Yes,22026,13000,1529,120,1.0,Semiurban,Y
LP01292,Female,Yes,2,Graduate,No,59874,0,2926,240,1.0,Semiurban,Y
LP01293,Male,Yes,0,Graduate,No,8103,2000,3083,180,1.0,Urban,N
LP01294,Female,Yes,2,Graduate,No,22026,0,1552,120,0.0,Semiurban,N
LP01295,Male,Yes,1,Graduate,No,162754,103000,2652,300,1.0,Rural,Y
LP01296,Male,Yes,2,Not Graduate,No,59874,47000,2421,240,1.0,Semiurban,Y
LP01297,Male,Yes,2,Not Graduate,No,22026,0,3027,300,0.0,Urban,N
LP01298,Male,Yes,1,Graduate,No,162754,54000,6541,180,1.0,Semiurban,Y
LP01299,Male,Yes,2,Graduate,No,162754,0,3891,360,1.0,Rural,Y
LP01300,Female,Yes,1,Graduate,Yes,59874,45000,1868,300,1.0,Rural,Y
LP01301,Female,Yes,3+,Graduate,No,22026,10000,904,180,1.0,Rural,Y
LP01302,Female,No,2,Not Graduate,Yes,59874,29000,2016,120,1.0,Semiurban,Y
LP01303,Male,Yes,0,Graduate,No,59874,16000,2200,360,1.0,Semiurban,Y
LP01304,Male,Yes,1,Graduate,No,8103,4000,3070,240,1.0,Urban,N
LP01305,Female,No,1,Graduate,No,59874,37000,3242,240,1.0,Urban,Y
LP01306,Female,Yes,3+,Graduate,Yes,59874,24000,718,240,1.0,Rural,Y
LP01307,Female,Yes,2,Graduate,Yes,22026,0,3017,180,1.0,Urban,N
LP01308,Male,Yes,0,Graduate,Yes,59874,46000,2303,240,1.0,Semiurban,Y
LP01309,Female,No,2,Graduate,No,59874,0,1034,180,1.0,Rural,Y
LP01310,Male,No,0,Not Graduate,Yes,8103,0,552,120,1.0,Rural,N
LP01311,Male,No,2,Graduate,No,162754,0,3786,360,1.0,Urban,Y
LP01312,Female,No,3+,Graduate,No,442413,0,834,360,0.0,Rural,N
LP01313,Male,No,1,Graduate,No,162754,39000,6210,300,1.0,Urban,Y
LP01314,Male,Yes,1,Graduate,No,59874,45000,1666,300,1.0,Semiurban,Y
LP01315,Female,No,0,Graduate,No,22026,8000,1556,120,0.0,Semiurban,N
LP01316,Male,No,2,Graduate,No,59874,0,3394,180,1.0,Urban,Y
LP01317,Female,Yes,0,Graduate,No,22026,0,1589,360,1.0,Semiurban,Y
LP01318,Male,Yes,3+,Graduate,No,162754,0,3838,360,1.0,Rural,Y
LP01319,Male,Yes,2,Graduate,No,22026,0,1517,180,1.0,Semiurban,Y
LP01320,Male,No,3+,Graduate,No,59874,13000,3079,180,1.0,Urban,Y
LP01321,Female,No,1,Graduate,No,59874,45000,2600,360,1.0,Semiurban,Y
LP01322,Female,No,3+,Not Graduate,No,22026,10000,983,360,0.0,Rural,N
LP01323,Male,Yes,2,Not Graduate,No,59874,0,1905,180,1.0,Rural,Y
LP01324,Male,Yes,2,Graduate,No,162754,0,6793,180,1.0,Semiurban,Y
LP01325,Male,Yes,0,Graduate,Yes,22026,0,876,180,1.0,Rural,Y
LP01326,Male,Yes,2,Graduate,No,59874,18000,3119,300,1.0,Urban,Y
LP01327,Male,Yes,2,Graduate,No,162754,99000,3245,120,1.0,Urban,Y
LP01328,Female,No,3+,Graduate,Yes,59874,22000,2356,180,1.0,Semiurban,Y
LP01329,Female,Yes,3+,Graduate,No,59874,36000,960,120,1.0,Rural,Y
LP01330,Female,No,0,Graduate,No,162754,77000,4022,360,1.0,Rural,Y
LP01331,Male,Yes,1,Graduate,No,22026,15000,1568,300,1.0,Semiurban,Y
LP01332,Female,No,0,Graduate,Yes,22026,0,974,240,1.0,Rural,Y
LP01333,Female,Yes,0,Graduate,No,22026,11000,1563,120,0.0,Semiurban,N
LP01334,Male,Yes,1,Graduate,No,162754,0,9423,300,1.0,Urban,Y
LP01335,Male,Yes,1,Not Graduate,No,442413,0,5216,300,1.0,Semiurban,Y
LP01336,Male,Yes,1,Graduate,No,162754,0,3967,180,1.0,Rural,Y
LP01337,Male,No,1,Graduate,Yes,8103,5000,597,120,1.0,Rural,Y
LP01338,Male,Yes,1,Graduate,Yes,442413,0,4496,360,1.0,Semiurban,Y
LP01339,Female,Yes,2,Graduate,No,59874,19000,3587,300,1.0,Rural,Y
LP01340,Female,No,3+,Graduate,Yes,8103,3000,1544,180,1.0,Semiurban,N
LP01341,Female,No,0,Not Graduate,No,59874,0,3044,120,1.0,Semiurban,Y
LP01342,Male,Yes,0,Graduate,No,162754,0,2408,120,1.0,Semiurban,Y
LP01343,Female,Yes,0,Graduate,No,442413,262000,7865,240,1.0,Urban,Y
LP01344,Male,Yes,0,Not Graduate,No,162754,0,5570,120,1.0,Urban,Y
LP01345,Female,Yes,0,Graduate,No,59874,38000,817,120,1.0,Rural,Y
LP01346,Male,Yes,3+,Graduate,No,22026,9000,1507,180,1.0,Semiurban,Y
LP01347,Male,Yes,0,Graduate,Yes,162754,0,4226,120,1.0,Urban,Y
LP01348,Female,Yes,3+,Graduate,No,59874,20000,3246,180,1.0,Semiurban,Y
LP01349,Male,Yes,1,Not Graduate,Yes,59874,37000,3446,360,1.0,Semiurban,Y
LP01350,Female,Yes,1,Graduate,No,59874,26000,2271,240,1.0,Semiurban,Y
LP01351,Male,No,1,Graduate,No,59874,0,3357,120,1.0,Urban,Y
LP01352,Male,Yes,3+,Graduate,No,59874,0,3557,240,1.0,Urban,Y
LP01353,Male,Yes,1,Graduate,No,22026,0,936,240,1.0,Rural,Y
LP01354,Male,Yes,1,Not Graduate,No,162754,93000,6615,300,1.0,Urban,Y
LP01355,Female,Yes,1,Graduate,No,22026,5000,3044,240,1.0,Urban,Y
LP01356,Female,Yes,0,Graduate,No,162754,107000,6223,360,1.0,Urban,Y
LP01357,Male,No,0,Not Graduate,No,442413,0,1097,240,1.0,Rural,Y
LP01358,Male,Yes,0,Graduate,No,59874,0,1604,360,0.0,Rural,N
LP01359,Male,Yes,2,Graduate,No,22026,12000,3092,300,0.0,Urban,N
LP01360,Male,No,1,Not Graduate,No,8103,4000,3007,180,1.0,Urban,N
LP01361,Male,Yes,0,Graduate,No,59874,25000,2040,300,0.0,Semiurban,N
LP01362,Male,Yes,1,Graduate,No,162754,46000,3873,240,1.0,Urban,Y
LP01363,Male,No,1,Not Graduate,No,59874,35000,1509,300,1.0,Semiurban,Y
LP01364,Female,Yes,3+,Graduate,No,22026,0,3009,120,1.0,Urban,Y
LP01365,Male,Yes,3+,Graduate,No,59874,0,1298,180,1.0,Rural,Y
LP01366,Male,Yes,0,Graduate,No,162754,109000,1959,360,1.0,Semiurban,Y
LP01367,Female,No,2,Not Graduate,No,59874,17000,3495,120,1.0,Semiurban,Y
LP01368,Male,Yes,0,Graduate,Yes,162754,0,6092,180,1.0,Semiurban,Y
LP01369,Male,Yes,0,Not Graduate,No,59874,0,3009,180,1.0,Urban,Y
LP01370,Female,Yes,3+,Graduate,No,59874,36000,3467,300,1.0,Urban,Y
LP01371,Female,Yes,1,Not Graduate,No,162754,49000,4725,240,1.0,Urban,Y
LP01372,Male,Yes,2,Not Graduate,Yes,59874,14000,3303,360,1.0,Urban,Y
LP01373,Female,No,2,Not Graduate,No,59874,0,3299,180,1.0,Urban,Y
LP01374,Female,Yes,2,Graduate,No,442413,257000,6761,300,0.0,Semiurban,N
LP01375,Male,Yes,2,Not Graduate,No,59874,0,3157,300,1.0,Urban,Y
LP01376,Male,No,0,Graduate,Yes,162754,0,2808,360,1.0,Rural,Y
LP01377,Female,No,0,Graduate,No,162754,42000,3704,120,0.0,Urban,N
LP01378,Male,Yes,0,Not Graduate,No,162754,120000,905,300,0.0,Rural,N
LP01379,Male,No,2,Not Graduate,No,162754,0,4419,240,1.0,Semiurban,Y
LP01380,Male,Yes,0,Not Graduate,No,59874,0,2977,120,0.0,Semiurban,N
LP01381,Male,Yes,0,Graduate,No,162754,121000,8671,120,1.0,Urban,Y
LP01382,Male,Yes,3+,Graduate,No,162754,0,9112,240,1.0,Semiurban,Y
LP01383,Male,No,1,Graduate,No,162754,0,7070,300,1.0,Urban,Y
LP01384,Male,No,0,Not Graduate,No,59874,23000,2155,180,0.0,Semiurban,N
LP01385,Male,Yes,0,Graduate,No,59874,0,3154,180,1.0,Urban,Y
LP01386,Female,No,1,Graduate,No,162754,0,6795,180,1.0,Urban,Y
LP01387,Female,Yes,0,Graduate,No,59874,0,3053,240,1.0,Rural,Y
LP01388,Male,Yes,0,Graduate,No,59874,37000,3065,180,0.0,Urban,N
LP01389,Male,No,0,Not Graduate,No,59874,38000,2129,360,0.0,Semiurban,N
LP01390,Female,Yes,0,Not Graduate,Yes,59874,0,3136,240,0.0,Urban,N
LP01391,Female,Yes,1,Graduate,No,59874,0,2633,240,1.0,Rural,Y
LP01392,Male,No,1,Graduate,No,59874,16000,3286,180,0.0,Semiurban,N
LP01393,Male,Yes,0,Not Graduate,Yes,22026,8000,3065,300,0.0,Urban,N
LP01394,Female,Yes,2,Graduate,No,162754,0,3081,360,1.0,Semiurban,Y
LP01395,Male,Yes,2,Graduate,No,59874,37000,1522,120,1.0,Semiurban,Y
LP01396,Male,Yes,0,Graduate,No,162754,120000,8814,360,1.0,Urban,Y
LP01397,Male,No,3+,Not Graduate,No,162754,0,8581,300,1.0,Semiurban,Y
LP01398,Male,Yes,2,Not Graduate,No,59874,46000,2481,180,1.0,Rural,Y
LP01399,Female,Yes,1,Not Graduate,No,162754,0,1358,300,1.0,Rural,Y
LP01400,Male,No,0,Graduate,No,59874,0,3520,360,1.0,Urban,Y
LP01401,Male,No,1,Graduate,No,59874,37000,3475,300,1.0,Semiurban,Y
LP01402,Female,No,2,Graduate,No,162754,57000,1543,120,1.0,Rural,Y
LP01403,Male,Yes,1,Graduate,Yes,59874,31000,1933,240,1.0,Rural,Y
LP01404,Female,No,0,Graduate,No,22026,0,1088,240,0.0,Rural,N
LP01405,Male,Yes,0,Graduate,No,22026,0,1143,300,1.0,Rural,Y
LP01406,Female,Yes,1,Graduate,No,59874,23000,3587,300,1.0,Urban,Y
LP01407,Male,Yes,1,Graduate,No,22026,12000,1535,300,1.0,Semiurban,Y
LP01408,Female,No,0,Graduate,No,442413,0,3250,360,0.0,Semiurban,N
LP01409,Male,Yes,0,Graduate,Yes,59874,0,2838,120,0.0,Semiurban,N
LP01410,Male,Yes,3+,Graduate,No,442413,160000,7374,240,1.0,Semiurban,Y
LP01411,Female,Yes,3+,Graduate,No,22026,12000,1579,180,1.0,Semiurban,Y
LP01412,Female,Yes,0,Not Graduate,No,442413,101000,4504,180,1.0,Urban,Y
LP01413,Female,No,1,Graduate,No,59874,25000,1897,240,1.0,Semiurban,Y
LP01414,Male,Yes,2,Not Graduate,No,59874,13000,3433,120,1.0,Semiurban,Y
LP01415,Female,No,0,Graduate,No,59874,0,2741,240,0.0,Semiurban,N
LP01416,Female,Yes,0,Graduate,No,59874,0,2047,120,1.0,Rural,Y
LP01417,Female,Yes,3+,Graduate,No,22026,0,1515,180,1.0,Semiurban,Y
LP01418,Female,No,1,Graduate,No,59874,24000,2412,360,1.0,Semiurban,Y
LP01419,Male,Yes,2,Graduate,No,442413,0,10148,240,1.0,Urban,Y
LP01420,Male,Yes,0,Graduate,No,442413,151000,18181,180,1.0,Urban,Y
LP01421,Male,Yes,1,Not Graduate,No,59874,0,2750,180,1.0,Semiurban,Y
LP01422,Female,Yes,0,Graduate,No,22026,11000,1546,120,1.0,Semiurban,Y
LP01423,Male,Yes,0,Graduate,No,22026,11000,1514,240,0.0,Semiurban,N
LP01424,Male,No,3+,Graduate,No,59874,0,2688,360,1.0,Rural,Y
LP01425,Male,Yes,1,Not Graduate,Yes,162754,50000,7202,120,1.0,Urban,Y
LP01426,Female,Yes,2,Graduate,No,162754,0,5567,120,1.0,Urban,Y
LP01427,Male,Yes,0,Graduate,No,162754,42000,3259,360,1.0,Semiurban,Y
LP01428,Male,Yes,0,Graduate,No,59874,47000,1359,180,0.0,Rural,N
LP01429,Male,Yes,0,Graduate,No,442413,244000,4210,120,1.0,Urban,Y
LP01430,Male,Yes,1,Graduate,No,59874,27000,2689,360,0.0,Semiurban,N
LP01431,Male,Yes,0,Not Graduate,No,442413,281000,15147,360,1.0,Urban,Y
LP01432,Female,No,0,Not Graduate,No,442413,102000,2670,180,1.0,Semiurban,Y
LP01433,Male,No,1,Not Graduate,No,162754,95000,1171,300,1.0,Rural,Y
LP01434,Male,No,0,Graduate,Yes,442413,131000,6434,300,1.0,Urban,Y
LP01435,Female,Yes,0,Graduate,No,8103,0,568,300,1.0,Rural,Y
LP01436,Male,No,2,Graduate,No,162754,0,4147,120,1.0,Rural,Y
LP01437,Male,Yes,1,Graduate,No,162754,97000,7411,360,1.0,Urban,Y
LP01438,Female,No,2,Graduate,No,59874,0,3081,360,1.0,Urban,Y
LP01439,Female,Yes,2,Not Graduate,No,22026,5000,1588,120,1.0,Semiurban,Y
LP01440,Female,No,0,Graduate,No,59874,0,3543,240,1.0,Urban,Y
LP01441,Male,Yes,3+,Graduate,No,162754,0,2488,180,1.0,Semiurban,Y
LP01442,Female,No,2,Graduate,No,59874,43000,1480,300,1.0,Rural,Y
LP01443,Male,Yes,2,Graduate,No,442413,311000,18451,180,1.0,Urban,Y
LP01444,Male,Yes,2,Graduate,Yes,59874,0,1550,240,1.0,Rural,Y
LP01445,Female,Yes,0,Graduate,No,442413,0,6408,360,1.0,Semiurban,Y
LP01446,Female,Yes,2,Graduate,Yes,8103,4000,513,360,1.0,Rural,Y
LP01447,Male,Yes,0,Not Graduate,No,22026,15000,3063,300,1.0,Urban,Y
LP01448,Female,Yes,3+,Not Graduate,No,162754,82000,5620,240,1.0,Urban,Y
LP01449,Male,No,0,Not Graduate,No,162754,0,4720,240,1.0,Semiurban,Y
LP01450,Female,No,2,Not Graduate,No,162754,0,2206,240,1.0,Rural,Y
LP01451,Female,No,1,Graduate,No,59874,20000,3445,240,1.0,Semiurban,Y
LP01452,Female,Yes,1,Graduate,No,442413,138000,15972,180,1.0,Urban,Y
LP01453,Male,Yes,0,Graduate,No,442413,281000,17752,240,1.0,Urban,Y
LP01454,Male,Yes,2,Not Graduate,No,59874,0,3564,180,1.0,Urban,Y
LP01455,Male,Yes,1,Graduate,No,162754,90000,6888,360,1.0,Urban,Y
LP01456,Female,Yes,0,Graduate,No,162754,0,1912,180,1.0,Rural,Y
LP01457,Male,No,0,Graduate,No,59874,17000,3337,300,1.0,Semiurban,Y
LP01458,Male,Yes,1,Not Graduate,No,22026,7000,1097,360,1.0,Rural,Y
LP01459,Male,Yes,0,Graduate,No,442413,0,10084,300,1.0,Urban,Y
LP01460,Male,Yes,0,Graduate,No,22026,13000,1518,300,1.0,Semiurban,Y
LP01461,Male,No,0,Not Graduate,No,442413,0,2620,180,1.0,Semiurban,Y
LP01462,Male,Yes,3+,Not Graduate,No,442413,0,6042,180,1.0,Urban,Y
LP01463,Male,Yes,0,Graduate,No,162754,90000,9077,240,0.0,Urban,N
LP01464,Male,Yes,0,Graduate,No,22026,5000,1577,300,0.0,Semiurban,N
LP01465,Female,Yes,3+,Graduate,No,59874,0,1038,120,1.0,Rural,Y
LP01466,Female,Yes,3+,Graduate,No,59874,0,3194,360,1.0,Semiurban,Y
LP01467,Male,No,3+,Graduate,No,22026,0,3034,360,1.0,Urban,Y
LP01468,Male,No,1,Graduate,No,162754,41000,2214,240,1.0,Semiurban,Y
LP01469,Male,No,1,Not Graduate,No,59874,42000,1443,240,1.0,Rural,Y
LP01470,Male,No,1,Graduate,No,59874,0,2188,120,1.0,Semiurban,Y
LP01471,Male,No,1,Not Graduate,Yes,442413,0,3064,180,1.0,Urban,Y
LP01472,Male,Yes,2,Graduate,No,22026,15000,3015,120,1.0,Urban,Y
LP01473,Male,Yes,1,Not Graduate,Yes,59874,0,2325,300,0.0,Semiurban,N
LP01474,Male,No,2,Not Graduate,No,162754,0,8467,120,1.0,Semiurban,Y
LP01475,Male,Yes,0,Not Graduate,No,162754,0,1292,120,1.0,Rural,Y
LP01476,Female,Yes,0,Graduate,No,59874,0,2765,360,1.0,Semiurban,Y
LP01477,Male,Yes,2,Graduate,Yes,162754,76000,7708,300,1.0,Urban,Y
LP01478,Female,No,1,Graduate,Yes,22026,15000,3011,360,1.0,Urban,Y
LP01479,Male,Yes,0,Graduate,No,22026,0,3067,120,1.0,Urban,Y
LP01480,Female,No,1,Not Graduate,No,22026,9000,517,300,1.0,Rural,Y
LP01481,Male,Yes,3+,Graduate,Yes,8103,2000,1600,180,1.0,Semiurban,N
LP01482,Male,No,1,Not Graduate,Yes,22026,5000,1571,180,1.0,Semiurban,Y
LP01483,Male,Yes,0,Not Graduate,No,442413,255000,14496,120,1.0,Urban,Y
LP01484,Female,No,0,Not Graduate,No,442413,347000,13225,240,1.0,Urban,Y
LP01485,Male,No,2,Not Graduate,No,59874,0,1938,120,1.0,Semiurban,Y
LP01486,Male,No,1,Graduate,No,8103,4000,1552,300,1.0,Semiurban,Y
LP01487,Male,Yes,0,Graduate,No,59874,0,3213,300,1.0,Semiurban,Y
LP01488,Female,Yes,0,Graduate,No,59874,43000,2591,300,0.0,Rural,N
LP01489,Male,Yes,1,Not Graduate,No,59874,0,3590,120,1.0,Semiurban,Y
LP01490,Female,Yes,0,Graduate,No,162754,86000,4235,120,1.0,Urban,Y
LP01491,Female,Yes,0,Not Graduate,No,59874,36000,2659,240,1.0,Semiurban,Y
LP01492,Female,Yes,2,Graduate,Yes,59874,23000,3294,240,1.0,Urban,Y
LP01493,Female,No,2,Graduate,No,162754,117000,3345,120,0.0,Rural,N
LP01494,Male,Yes,3+,Graduate,No,162754,44000,3417,300,1.0,Urban,Y
LP01495,Female,Yes,0,Not Graduate,No,162754,0,4659,120,1.0,Urban,Y
LP01496,Male,Yes,1,Graduate,No,162754,0,6889,240,0.0,Urban,N
LP01497,Male,No,1,Graduate,No,59874,44000,1137,300,1.0,Rural,Y
LP01498,Male,No,0,Graduate,Yes,162754,65000,1654,240,1.0,Semiurban,Y
LP01499,Male,No,0,Graduate,Yes,59874,43000,3535,300,1.0,Urban,Y
LP01500,Male,Yes,0,Graduate,No,59874,29000,2031,180,0.0,Semiurban,N
LP01501,Female,No,1,Not Graduate,No,8103,0,1505,180,1.0,Semiurban,N
LP01502,Female,Yes,2,Graduate,No,22026,11000,1521,120,1.0,Semiurban,Y
LP01503,Female,Yes,2,Graduate,No,59874,0,2074,120,1.0,Rural,Y
LP01504,Female,Yes,2,Graduate,No,59874,21000,2081,240,1.0,Semiurban,Y
LP01505,Male,Yes,1,Graduate,Yes,59874,0,3535,120,1.0,Urban,Y
LP01506,Female,No,2,Graduate,No,59874,20000,2734,120,0.0,Semiurban,N
LP01507,Female,Yes,2,Not Graduate,No,22026,0,3092,300,1.0,Urban,Y
LP01508,Male,Yes,2,Graduate,No,162754,42000,639,240,0.0,Rural,N
LP01509,Female,Yes,1,Graduate,No,162754,126000,9240,240,1.0,Semiurban,Y
LP01510,Female,Yes,1,Graduate,No,162754,107000,3113,300,1.0,Semiurban,Y
LP01511,Male,Yes,3+,Graduate,No,59874,0,2698,240,1.0,Semiurban,Y
LP01512,Female,Yes,1,Graduate,No,8103,4000,1549,240,0.0,Semiurban,N
LP01513,Female,Yes,3+,Not Graduate,No,59874,0,1565,180,1.0,Semiurban,Y
LP01514,Male,Yes,2,Not Graduate,No,22026,0,1587,300,1.0,Semiurban,Y
LP01515,Female,No,0,Graduate,No,22026,0,3087,300,1.0,Urban,Y
LP01516,Female,Yes,0,Not Graduate,No,22026,7000,1555,360,1.0,Semiurban,Y
LP01517,Female,Yes,1,Graduate,Yes,442413,0,8779,180,1.0,Urban,Y
LP01518,Male,Yes,2,Not Graduate,No,8103,2000,1576,240,0.0,Semiurban,N
LP01519,Male,Yes,0,Graduate,No,162754,119000,8821,300,1.0,Urban,Y
LP01520,Male,No,0,Not Graduate,No,22026,15000,3093,300,1.0,Urban,Y
LP01521,Male,Yes,3+,Graduate,Yes,162754,80000,1488,360,0.0,Rural,N
LP01522,Female,Yes,3+,Graduate,No,59874,0,924,180,0.0,Rural,N
LP01523,Female,Yes,1,Not Graduate,No,162754,110000,1283,120,0.0,Rural,N
LP01524,Male,Yes,0,Graduate,Yes,162754,0,9604,180,0.0,Urban,N
LP01525,Male,Yes,3+,Graduate,No,22026,0,3058,300,1.0,Urban,Y
LP01526,Male,Yes,2,Graduate,No,442413,0,2032,180,1.0,Semiurban,Y
LP01527,Female,Yes,0,Not Graduate,No,442413,147000,5184,360,1.0,Semiurban,Y
LP01528,Male,Yes,0,Not Graduate,Yes,22026,12000,1507,300,1.0,Semiurban,Y
LP01529,Male,Yes,1,Graduate,Yes,59874,33000,3053,240,1.0,Rural,Y
LP01530,Female,Yes,1,Graduate,Yes,442413,94000,1667,120,1.0,Semiurban,Y
LP01531,Female,Yes,2,Graduate,Yes,22026,8000,3079,180,1.0,Urban,Y
LP01532,Male,Yes,3+,Graduate,No,8103,0,3019,120,0.0,Urban,N
LP01533,Female,No,0,Not Graduate,Yes,22026,0,731,120,0.0,Rural,N
LP01534,Female,Yes,2,Graduate,No,162754,0,7850,180,1.0,Urban,Y
LP01535,Male,Yes,0,Not Graduate,No,22026,14000,1520,120,0.0,Semiurban,N
LP01536,Female,Yes,3+,Graduate,No,8103,3000,558,300,1.0,Rural,Y
LP01537,Male,Yes,3+,Graduate,No,162754,66000,1584,120,1.0,Rural,Y
LP01538,Male,Yes,2,Graduate,No,59874,35000,1531,300,1.0,Rural,Y
LP01539,Female,Yes,0,Graduate,Yes,22026,13000,775,360,1.0,Rural,Y
LP01540,Male,Yes,1,Graduate,No,8103,2000,3038,120,1.0,Urban,N
LP01541,Female,Yes,1,Not Graduate,No,162754,0,4075,240,1.0,Urban,Y
LP01542,Female,Yes,2,Graduate,No,162754,62000,4457,360,1.0,Rural,Y
LP01543,Male,Yes,2,Graduate,No,59874,25000,3058,240,1.0,Urban,Y
LP01544,Male,Yes,0,Graduate,No,59874,0,1203,360,0.0,Rural,N
LP01545,Male,Yes,2,Graduate,No,59874,0,3172,360,1.0,Urban,Y
LP01546,Female,Yes,1,Not Graduate,No,59874,0,2251,120,1.0,Semiurban,Y
LP01547,Female,No,1,Not Graduate,No,59874,44000,1871,120,0.0,Semiurban,N
LP01548,Female,Yes,1,Graduate,Yes,59874,0,3040,300,1.0,Urban,Y
LP01549,Male,Yes,2,Graduate,No,22026,0,1162,240,1.0,Rural,Y
LP01550,Male,No,1,Graduate,No,22026,6000,1528,360,1.0,Semiurban,Y
LP01551,Male,Yes,3+,Not Graduate,Yes,22026,17000,1507,300,1.0,Semiurban,Y
LP01552,Male,No,2,Graduate,Yes,59874,28000,3150,300,0.0,Urban,N
LP01553,Female,Yes,2,Graduate,No,442413,0,17263,120,1.0,Urban,Y
LP01554,Male,Yes,2,Graduate,No,162754,0,9308,240,0.0,Semiurban,N
LP01555,Female,No,1,Not Graduate,No,59874,44000,3438,120,1.0,Semiurban,Y
LP01556,Male,No,2,Graduate,No,22026,8000,3056,180,1.0,Urban,Y
LP01557,Female,Yes,1,Graduate,No,162754,0,4175,240,1.0,Rural,Y
LP01558,Female,No,1,Graduate,No,59874,18000,3444,360,1.0,Urban,Y
LP01559,Male,No,3+,Graduate,No,59874,46000,1874,180,1.0,Semiurban,Y
LP01560,Male,Yes,2,Graduate,No,59874,0,1884,300,1.0,Semiurban,Y
LP01561,Male,No,1,Graduate,No,59874,35000,3202,240,1.0,Semiurban,Y
LP01562,Female,Yes,0,Graduate,No,22026,6000,1029,240,1.0,Rural,Y
LP01563,Male,No,0,Graduate,No,22026,0,1589,120,1.0,Semiurban,Y
LP01564,Male,No,1,Not Graduate,No,22026,16000,3065,360,1.0,Urban,Y
LP01565,Male,Yes,1,Graduate,No,442413,124000,8391,180,1.0,Semiurban,Y
LP01566,Female,No,1,Not Graduate,No,22026,13000,1549,120,1.0,Semiurban,Y
LP01567,Male,Yes,0,Not Graduate,No,162754,72000,6786,240,0.0,Semiurban,N
LP01568,Male,Yes,0,Graduate,No,59874,0,3296,300,1.0,Rural,Y
LP01569,Male,Yes,0,Graduate,Yes,162754,34000,1952,180,1.0,Rural,Y
LP01570,Female,Yes,1,Graduate,Yes,162754,108000,6798,180,1.0,Urban,Y
LP01571,Female,No,1,Not Graduate,No,22026,0,3068,360,1.0,Urban,Y
LP01572,Male,No,3+,Graduate,No,8103,5000,1557,300,1.0,Semiurban,Y
LP01573,Male,Yes,1,Not Graduate,No,59874,0,3237,240,1.0,Urban,Y
LP01574,Female,Yes,0,Graduate,No,59874,27000,1522,360,1.0,Semiurban,Y
LP01575,Male,Yes,2,Graduate,No,162754,38000,5638,300,0.0,Semiurban,N
LP01576,Male,No,1,Graduate,No,22026,17000,1580,300,1.0,Semiurban,Y
LP01577,Male,Yes,0,Graduate,Yes,442413,195000,4213,360,1.0,Semiurban,Y
LP01578,Female,Yes,0,Graduate,No,162754,97000,7628,240,1.0,Urban,Y
LP01579,Female,Yes,0,Graduate,Yes,162754,70000,1904,120,1.0,Rural,Y
LP01580,Male,Yes,2,Graduate,Yes,162754,52000,5298,240,1.0,Urban,Y
LP01581,Male,Yes,1,Graduate,No,162754,40000,2918,120,0.0,Rural,N
LP01582,Male,No,0,Graduate,No,22026,0,687,120,1.0,Rural,Y
LP01583,Male,Yes,2,Not Graduate,Yes,59874,0,2492,240,1.0,Semiurban,Y
LP01584,Female,Yes,1,Not Graduate,No,22026,9000,1586,240,1.0,Semiurban,Y
LP01585,Male,Yes,2,Not Graduate,No,22026,18000,1566,180,1.0,Semiurban,Y
LP01586,Male,Yes,0,Graduate,No,162754,60000,1559,120,1.0,Rural,Y
LP01587,Male,No,3+,Not Graduate,No,162754,0,6169,360,1.0,Urban,Y
LP01588,Male,Yes,1,Not Graduate,No,22026,0,1575,360,0.0,Semiurban,N
LP01589,Female,No,0,Not Graduate,No,59874,38000,2777,300,1.0,Rural,Y
LP01590,Male,No,1,Graduate,No,22026,16000,1512,180,1.0,Semiurban,Y
LP01591,Male,No,3+,Graduate,Yes,8103,0,3006,240,1.0,Urban,N
LP01592,Male,No,2,Not Graduate,No,59874,0,3577,240,1.0,Urban,Y
LP01593,Male,Yes,1,Graduate,No,162754,0,4924,360,1.0,Rural,Y
LP01594,Male,No,2,Not Graduate,No,162754,0,4496,360,1.0,Urban,Y
LP01595,Female,Yes,3+,Not Graduate,No,22026,13000,1082,180,0.0,Rural,N
LP01596,Female,No,1,Not Graduate,No,22026,0,3057,120,1.0,Urban,N
LP01597,Male,No,1,Graduate,No,162754,61000,3036,120,1.0,Rural,Y
LP01598,Male,Yes,0,Graduate,No,22026,0,1562,300,1.0,Semiurban,Y
LP01599,Female,Yes,3+,Graduate,No,162754,47000,8095,240,1.0,Urban,Y
LP01600,Male,Yes,0,Graduate,No,442413,0,6195,300,1.0,Semiurban,Y
LP01601,Male,Yes,1,Graduate,No,8103,6000,1588,120,0.0,Semiurban,N
LP01602,Female,Yes,1,Graduate,No,162754,56000,7187,180,1.0,Semiurban,Y
LP01603,Male,Yes,0,Graduate,Yes,59874,15000,1814,120,0.0,Rural,N
LP01604,Female,Yes,1,Graduate,Yes,162754,0,1685,240,1.0,Semiurban,Y
LP01605,Female,No,2,Graduate,No,442413,0,3951,360,1.0,Semiurban,Y
LP01606,Male,Yes,2,Not Graduate,No,162754,72000,8147,240,0.0,Urban,N
LP01607,Female,No,1,Graduate,No,59874,22000,3211,300,0.0,Urban,N
LP01608,Male,Yes,3+,Graduate,No,22026,14000,3062,300,1.0,Urban,Y
LP01609,Female,Yes,1,Not Graduate,No,59874,15000,3227,240,1.0,Urban,Y
LP01610,Male,Yes,0,Graduate,No,8103,0,3084,180,1.0,Urban,Y
LP01611,Male,Yes,0,Graduate,No,8103,4000,560,120,1.0,Rural,Y
LP01612,Male,No,3+,Graduate,No,442413,110000,2869,120,1.0,Rural,Y
LP01613,Male,Yes,0,Graduate,No,59874,43000,1516,180,1.0,Rural,Y
LP01614,Male,Yes,0,Not Graduate,Yes,22026,16000,1527,120,0.0,Semiurban,N
LP01615,Male,Yes,3+,Graduate,No,59874,0,1859,180,1.0,Semiurban,Y
LP01616,Female,Yes,0,Graduate,Yes,59874,0,3146,120,1.0,Urban,Y
LP01617,Male,Yes,0,Graduate,No,162754,0,2029,120,0.0,Rural,N
LP01618,Male,Yes,2,Graduate,No,442413,0,1622,240,1.0,Rural,Y
LP01619,Male,Yes,1,Not Graduate,No,22026,6000,3076,360,1.0,Urban,Y
LP01620,Male,No,0,Graduate,No,59874,0,3505,120,1.0,Urban,Y
LP01621,Male,No,1,Graduate,No,22026,5000,3037,120,1.0,Urban,Y
LP01622,Female,Yes,0,Graduate,No,22026,13000,1556,120,1.0,Semiurban,Y
LP01623,Female,No,1,Not Graduate,No,162754,0,5094,180,1.0,Urban,Y
LP01624,Male,Yes,0,Graduate,No,59874,0,1722,300,1.0,Semiurban,Y
LP01625,Male,Yes,2,Not Graduate,No,59874,23000,2379,300,1.0,Semiurban,Y
LP01626,Male,No,2,Graduate,No,59874,0,1701,300,1.0,Semiurban,Y
LP01627,Female,No,2,Not Graduate,No,59874,16000,3167,180,1.0,Urban,Y
LP01628,Male,No,0,Not Graduate,No,59874,27000,3040,240,1.0,Urban,Y
LP01629,Male,Yes,0,Graduate,No,442413,262000,1854,240,1.0,Rural,Y
LP01630,Female,Yes,1,Graduate,Yes,59874,0,3066,120,1.0,Urban,Y
LP01631,Male,No,0,Graduate,Yes,59874,17000,537,360,1.0,Rural,Y
LP01632,Female,Yes,0,Graduate,No,442413,250000,9610,120,1.0,Urban,Y
LP01633,Male,Yes,2,Graduate,No,59874,48000,3131,180,1.0,Urban,Y
LP01634,Female,Yes,2,Not Graduate,Yes,442413,0,1556,300,1.0,Semiurban,Y
LP01635,Male,Yes,2,Graduate,No,162754,0,9248,120,1.0,Semiurban,Y
LP01636,Female,Yes,2,Not Graduate,No,59874,25000,2260,120,0.0,Rural,N
LP01637,Male,Yes,2,Graduate,No,162754,119000,3872,240,1.0,Rural,Y
LP01638,Male,Yes,1,Graduate,No,162754,89000,2775,360,0.0,Rural,N
LP01639,Male,Yes,1,Not Graduate,No,59874,0,2350,240,1.0,Semiurban,Y
LP01640,Male,Yes,2,Not Graduate,No,8103,5000,1583,360,1.0,Semiurban,Y
LP01641,Female,Yes,1,Graduate,No,8103,4000,3017,180,0.0,Urban,N
LP01642,Female,Yes,1,Graduate,No,59874,37000,3552,120,1.0,Semiurban,Y
LP01643,Female,Yes,1,Graduate,No,162754,0,7277,300,1.0,Urban,Y
LP01644,Male,No,1,Graduate,No,59874,22000,2829,120,1.0,Semiurban,Y
LP01645,Female,Yes,1,Not Graduate,No,22026,17000,1525,180,1.0,Semiurban,Y
LP01646,Male,No,1,Graduate,Yes,59874,37000,3284,300,1.0,Urban,Y
LP01647,Female,Yes,1,Graduate,No,59874,0,2265,300,1.0,Rural,Y
LP01648,Male,Yes,2,Not Graduate,No,8103,0,3041,240,1.0,Urban,N
LP01649,Male,Yes,0,Graduate,No,442413,310000,8160,180,0.0,Semiurban,N
LP01650,Female,No,2,Not Graduate,No,442413,0,6387,360,0.0,Semiurban,N
LP01651,Male,No,1,Graduate,Yes,22026,11000,1123,120,1.0,Rural,Y
LP01652,Male,Yes,1,Graduate,Yes,162754,120000,3710,300,0.0,Semiurban,N
LP01653,Male,Yes,0,Graduate,No,22026,0,3045,180,1.0,Urban,Y
LP01654,Male,Yes,3+,Graduate,No,22026,0,1574,240,0.0,Semiurban,N
LP01655,Female,Yes,2,Graduate,Yes,59874,14000,1868,180,1.0,Semiurban,Y
LP01656,Male,Yes,1,Not Graduate,No,22026,10000,982,300,1.0,Rural,Y
LP01657,Male,Yes,1,Not Graduate,No,162754,100000,4650,180,1.0,Urban,Y
LP01658,Female,Yes,1,Not Graduate,No,59874,0,1189,180,0.0,Rural,N
LP01659,Male,No,1,Graduate,No,22026,17000,601,180,0.0,Rural,N
LP01660,Male,Yes,1,Graduate,No,59874,44000,3419,120,1.0,Semiurban,Y
LP01661,Male,No,3+,Not Graduate,No,59874,46000,2464,180,1.0,Semiurban,Y
LP01662,Male,Yes,1,Graduate,No,59874,13000,1795,300,0.0,Rural,N
LP01663,Female,No,1,Graduate,No,442413,275000,8793,120,1.0,Semiurban,Y
LP01664,Male,No,3+,Graduate,No,59874,25000,3328,120,1.0,Urban,Y
LP01665,Male,Yes,1,Not Graduate,No,59874,0,3315,240,1.0,Semiurban,Y
LP01666,Female,No,1,Graduate,No,59874,34000,1861,240,1.0,Semiurban,Y
LP01667,Female,Yes,3+,Graduate,No,162754,0,1935,180,1.0,Semiurban,Y
LP01668,Male,No,3+,Graduate,Yes,22026,0,1518,360,1.0,Semiurban,Y
LP01669,Male,Yes,0,Not Graduate,No,162754,37000,862,240,1.0,Rural,Y
LP01670,Male,Yes,2,Graduate,No,59874,20000,3174,120,0.0,Urban,N
LP01671,Female,No,0,Graduate,No,162754,67000,9338,120,1.0,Semiurban,Y
LP01672,Male,No,0,Graduate,No,59874,0,3479,240,0.0,Semiurban,N
LP01673,Female,No,2,Not Graduate,No,162754,76000,3723,240,0.0,Rural,N
LP01674,Female,Yes,1,Not Graduate,No,162754,62000,7351,240,1.0,Semiurban,Y
LP01675,Male,Yes,1,Not Graduate,Yes,59874,27000,588,240,1.0,Rural,Y
LP01676,Male,Yes,1,Graduate,No,442413,131000,8695,180,1.0,Semiurban,Y
LP01677,Male,No,2,Graduate,Yes,22026,13000,1529,180,1.0,Semiurban,Y
LP01678,Female,Yes,1,Graduate,No,22026,16000,3037,240,1.0,Urban,Y
LP01679,Female,No,1,Not Graduate,No,22026,0,1534,300,1.0,Semiurban,Y
LP01680,Male,Yes,0,Not Graduate,No,59874,35000,3101,240,1.0,Urban,Y
LP01681,Female,No,2,Graduate,No,59874,41000,1605,240,1.0,Semiurban,Y
LP01682,Female,Yes,0,Graduate,No,442413,315000,3968,240,1.0,Urban,Y
LP01683,Female,Yes,2,Graduate,No,59874,48000,3283,300,0.0,Semiurban,N
LP01684,Female,No,0,Not Graduate,No,162754,128000,8027,240,1.0,Urban,Y
LP01685,Male,No,0,Graduate,No,22026,6000,3078,300,1.0,Urban,Y
LP01686,Female,Yes,0,Graduate,No,59874,45000,1758,300,1.0,Rural,Y
LP01687,Female,No,0,Graduate,No,59874,25000,3342,300,1.0,Urban,Y
LP01688,Male,Yes,2,Graduate,Yes,22026,17000,1541,360,1.0,Semiurban,Y
LP01689,Male,No,0,Not Graduate,No,162754,0,5000,240,1.0,Rural,Y
LP01690,Male,Yes,0,Not Graduate,No,442413,273000,18800,240,1.0,Urban,Y
LP01691,Female,Yes,0,Graduate,No,162754,0,3695,120,0.0,Semiurban,N
LP01692,Male,Yes,1,Graduate,Yes,162754,38000,6935,360,0.0,Urban,N
LP01693,Male,Yes,0,Graduate,Yes,59874,46000,3497,120,1.0,Urban,Y
LP01694,Male,No,1,Graduate,No,59874,35000,3146,120,0.0,Urban,N
LP01695,Female,No,0,Not Graduate,Yes,59874,0,716,120,1.0,Rural,Y
LP01696,Male,Yes,1,Not Graduate,No,59874,0,3098,120,1.0,Urban,Y
LP01697,Male,Yes,1,Graduate,Yes,59874,0,3434,300,0.0,Urban,N
LP01698,Male,Yes,0,Graduate,No,442413,101000,7582,300,1.0,Urban,Y
LP01699,Male,No,1,Graduate,Yes,22026,0,697,120,1.0,Rural,Y
LP01700,Male,No,2,Graduate,No,162754,0,4774,180,1.0,Urban,Y
LP01701,Male,Yes,2,Graduate,No,59874,22000,3365,120,1.0,Urban,Y
LP01702,Male,No,2,Graduate,No,59874,25000,2870,120,1.0,Semiurban,Y
LP01703,Female,No,1,Not Graduate,No,162754,69000,8239,180,1.0,Urban,Y
LP01704,Male,Yes,2,Graduate,No,59874,40000,2113,240,1.0,Rural,Y
LP01705,Male,Yes,0,Graduate,No,22026,12000,1265,240,1.0,Rural,Y
LP01706,Female,No,1,Graduate,No,22026,14000,3025,300,1.0,Urban,Y
LP01707,Male,Yes,0,Not Graduate,No,59874,13000,3110,120,1.0,Semiurban,Y
LP01708,Male,Yes,1,Not Graduate,No,22026,0,1510,360,1.0,Semiurban,Y
LP01709,Female,Yes,0,Graduate,Yes,162754,0,8661,300,1.0,Urban,Y
LP01710,Male,Yes,1,Graduate,No,59874,33000,2039,120,0.0,Semiurban,N
LP01711,Female,Yes,0,Not Graduate,No,59874,39000,3091,180,0.0,Semiurban,N
LP01712,Male,No,1,Graduate,No,162754,0,7978,180,0.0,Semiurban,N
LP01713,Male,No,0,Graduate,No,442413,112000,8897,300,0.0,Semiurban,N
LP01714,Male,Yes,0,Graduate,Yes,59874,16000,2614,180,1.0,Semiurban,Y
LP01715,Male,No,0,Graduate,No,442413,301000,6289,240,1.0,Urban,Y
LP01716,Female,Yes,0,Graduate,No,22026,6000,1501,300,0.0,Semiurban,N
LP01717,Male,No,2,Graduate,Yes,162754,36000,3917,360,0.0,Rural,N
LP01718,Male,Yes,3+,Not Graduate,No,22026,8000,3038,240,1.0,Urban,Y
LP01719,Female,No,0,Graduate,No,162754,124000,3133,360,1.0,Semiurban,Y
LP01720,Male,Yes,2,Not Graduate,No,162754,0,9692,240,1.0,Urban,Y
LP01721,Male,No,2,Graduate,No,162754,0,9026,180,0.0,Semiurban,N
LP01722,Male,No,2,Graduate,No,59874,0,2268,300,1.0,Semiurban,Y
LP01723,Male,No,0,Not Graduate,No,22026,0,1536,360,1.0,Semiurban,Y
LP01724,Male,Yes,2,Graduate,No,59874,19000,3416,120,1.0,Urban,Y
LP01725,Female,Yes,3+,Graduate,No,162754,60000,9143,120,1.0,Semiurban,Y
LP01726,Male,No,1,Graduate,No,442413,0,3236,240,1.0,Semiurban,Y
LP01727,Female,No,1,Graduate,No,59874,0,2254,180,1.0,Semiurban,Y
LP01728,Male,Yes,2,Graduate,Yes,8103,0,1583,240,0.0,Semiurban,N
LP01729,Male,Yes,3+,Graduate,No,162754,83000,542,120,1.0,Rural,Y
LP01730,Male,Yes,2,Not Graduate,No,8103,2000,3092,360,1.0,Urban,N
LP01731,Male,No,0,Graduate,No,59874,29000,3538,180,1.0,Urban,Y
LP01732,Male,Yes,0,Not Graduate,No,162754,42000,5534,120,1.0,Semiurban,Y
LP01733,Male,No,2,Graduate,No,442413,246000,4077,120,1.0,Rural,Y
LP01734,Male,Yes,3+,Graduate,No,22026,5000,3013,240,1.0,Urban,Y
LP01735,Female,No,0,Graduate,No,22026,6000,794,240,1.0,Rural,Y
LP01736,Female,Yes,1,Graduate,No,442413,0,9654,240,0.0,Semiurban,N
LP01737,Male,No,0,Not Graduate,No,8103,0,1592,360,0.0,Semiurban,N
LP01738,Female,No,1,Graduate,No,22026,9000,3039,360,1.0,Urban,Y
LP01739,Male,No,0,Not Graduate,Yes,442413,0,7386,240,0.0,Semiurban,N
LP01740,Male,Yes,2,Graduate,No,59874,14000,3325,300,1.0,Urban,Y
LP01741,Male,No,1,Graduate,No,22026,11000,990,180,1.0,Rural,Y
LP01742,Male,Yes,0,Graduate,No,59874,31000,1484,180,1.0,Rural,Y
LP01743,Female,Yes,0,Graduate,Yes,59874,24000,3110,300,1.0,Urban,Y
LP01744,Female,Yes,0,Graduate,No,8103,0,530,120,0.0,Rural,N
LP01745,Male,No,1,Graduate,No,442413,0,3782,360,1.0,Semiurban,Y
LP01746,Female,Yes,1,Graduate,No,8103,6000,1517,360,0.0,Semiurban,N
LP01747,Male,Yes,1,Not Graduate,Yes,162754,70000,6889,180,0.0,Urban,N
LP01748,Female,No,2,Not Graduate,Yes,22026,17000,3000,240,1.0,Urban,Y
LP01749,Male,Yes,1,Graduate,No,22026,6000,3000,120,1.0,Urban,Y
LP01750,Female,Yes,1,Graduate,No,162754,0,7298,240,0.0,Semiurban,N
LP01751,Male,No,1,Graduate,No,59874,47000,3239,180,1.0,Urban,Y
LP01752,Male,No,2,Graduate,No,22026,0,1578,120,1.0,Semiurban,Y
LP01753,Female,Yes,1,Not Graduate,No,442413,202000,7145,120,1.0,Semiurban,Y
LP01754,Male,Yes,2,Graduate,Yes,59874,15000,1745,360,1.0,Semiurban,Y
LP01755,Male,No,1,Graduate,No,59874,19000,2054,180,1.0,Semiurban,Y
LP01756,Male,Yes,2,Graduate,No,59874,0,1843,300,1.0,Semiurban,Y
LP01757,Female,Yes,0,Graduate,No,162754,0,7625,360,0.0,Urban,N
LP01758,Female,Yes,0,Graduate,No,59874,0,2556,300,1.0,Semiurban,Y
LP01759,Female,Yes,2,Graduate,No,22026,5000,1297,120,1.0,Rural,Y
LP01760,Female,Yes,1,Graduate,No,442413,0,4496,180,1.0,Rural,Y
LP01761,Male,No,0,Not Graduate,No,22026,10000,920,300,1.0,Rural,Y
LP01762,Male,Yes,2,Graduate,No,22026,0,923,120,1.0,Rural,Y
LP01763,Female,Yes,1,Not Graduate,No,162754,106000,8824,300,1.0,Urban,Y
LP01764,Male,Yes,1,Not Graduate,No,162754,62000,535,240,1.0,Rural,Y
LP01765,Female,Yes,1,Graduate,No,162754,0,4536,240,1.0,Rural,Y
LP01766,Male,No,0,Graduate,No,59874,0,3568,300,1.0,Urban,Y
LP01767,Female,No,0,Graduate,No,22026,14000,1508,240,1.0,Semiurban,Y
LP01768,Female,Yes,0,Graduate,No,162754,33000,1633,120,0.0,Rural,N
LP01769,Female,Yes,3+,Graduate,No,59874,0,2333,240,1.0,Semiurban,Y
LP01770,Male,Yes,0,Not Graduate,Yes,59874,35000,2061,180,1.0,Rural,Y
LP01771,Male,No,1,Graduate,No,22026,0,786,300,1.0,Rural,Y
LP01772,Male,Yes,1,Not Graduate,No,59874,43000,943,120,0.0,Rural,N
LP01773,Male,Yes,0,Not Graduate,No,59874,0,3505,360,1.0,Rural,Y
LP01774,Male,Yes,0,Graduate,No,59874,0,3338,180,1.0,Urban,Y
LP01775,Female,Yes,1,Graduate,No,59874,12000,3528,300,0.0,Urban,N
LP01776,Male,No,1,Graduate,No,59874,16000,2336,360,1.0,Semiurban,Y
LP01777,Male,Yes,1,Not Graduate,No,442413,213000,4092,300,1.0,Rural,Y
LP01778,Female,Yes,0,Not Graduate,No,59874,0,1546,180,1.0,Rural,Y
LP01779,Male,Yes,1,Graduate,Yes,22026,0,1598,360,1.0,Semiurban,Y
LP01780,Male,Yes,1,Not Graduate,No,22026,17000,1570,300,1.0,Semiurban,Y
LP01781,Female,Yes,3+,Graduate,Yes,59874,29000,3261,300,1.0,Semiurban,Y
LP01782,Male,Yes,2,Not Graduate,Yes,162754,127000,9584,120,1.0,Urban,Y
LP01783,Female,No,0,Not Graduate,No,59874,42000,3170,360,0.0,Urban,N
LP01784,Female,No,0,Not Graduate,No,22026,17000,3000,180,1.0,Urban,Y
LP01785,Male,Yes,0,Graduate,No,22026,11000,1544,120,1.0,Semiurban,Y
LP01786,Female,No,0,Graduate,No,22026,13000,1548,120,1.0,Semiurban,Y
LP01787,Male,Yes,1,Not Graduate,No,162754,55000,9381,240,1.0,Urban,Y
LP01788,Male,No,2,Not Graduate,No,59874,19000,2020,180,0.0,Semiurban,N
LP01789,Male,No,0,Graduate,Yes,59874,0,3116,120,1.0,Urban,Y
LP01790,Male,No,0,Not Graduate,Yes,162754,0,2035,360,1.0,Semiurban,Y
LP01791,Male,Yes,0,Graduate,No,162754,54000,7158,240,1.0,Urban,Y
LP01792,Male,Yes,0,Graduate,No,59874,45000,1661,300,1.0,Rural,Y
LP01793,Male,Yes,3+,Graduate,No,22026,6000,1518,360,1.0,Semiurban,Y
LP01794,Female,No,3+,Graduate,Yes,162754,97000,7473,120,1.0,Urban,Y
LP01795,Male,Yes,2,Not Graduate,No,59874,0,3529,180,0.0,Semiurban,N
LP01796,Female,No,2,Graduate,No,442413,0,605,180,1.0,Rural,Y
LP01797,Male,No,1,Graduate,No,59874,41000,3544,240,0.0,Urban,N
LP01798,Female,Yes,3+,Graduate,No,162754,0,904,180,0.0,Rural,N
LP01799,Female,Yes,1,Graduate,No,162754,112000,3746,180,1.0,Semiurban,Y
LP01800,Female,No,1,Not Graduate,No,442413,330000,1103,180,0.0,Rural,N
LP01801,Female,Yes,3+,Not Graduate,No,59874,30000,3334,180,1.0,Semiurban,Y
LP01802,Male,No,2,Graduate,No,442413,0,6402,120,1.0,Urban,Y
LP01803,Male,Yes,2,Graduate,No,22026,7000,942,180,1.0,Rural,Y
LP01804,Male,No,1,Not Graduate,No,59874,0,3281,300,1.0,Semiurban,Y
LP01805,Female,Yes,1,Not Graduate,No,442413,0,1511,180,1.0,Semiurban,Y
LP01806,Male,Yes,0,Graduate,No,59874,26000,2269,120,0.0,Semiurban,N
LP01807,Male,No,0,Graduate,Yes,442413,325000,6901,300,1.0,Semiurban,Y
LP01808,Female,Yes,3+,Not Graduate,No,22026,0,1539,120,1.0,Semiurban,Y
LP01809,Male,No,1,Graduate,No,59874,0,3574,300,0.0,Urban,N
LP01810,Female,Yes,1,Not Graduate,No,22026,0,3008,120,1.0,Urban,N
LP01811,Male,Yes,1,Graduate,No,162754,0,4327,180,1.0,Urban,Y
LP01812,Female,Yes,0,Graduate,Yes,59874,41000,2076,180,1.0,Rural,Y
LP01813,Male,Yes,2,Graduate,No,59874,0,2526,240,0.0,Rural,N
LP01814,Female,Yes,3+,Not Graduate,No,162754,0,9576,300,1.0,Semiurban,Y
LP01815,Male,Yes,3+,Graduate,No,59874,31000,3362,300,0.0,Urban,N
LP01816,Female,Yes,2,Graduate,No,442413,256000,9602,300,1.0,Semiurban,Y
LP01817,Female,No,1,Graduate,Yes,59874,45000,2690,360,1.0,Semiurban,Y
LP01818,Female,Yes,0,Not Graduate,No,442413,178000,4037,360,1.0,Urban,Y
LP01819,Female,No,0,Graduate,No,22026,14000,3006,120,1.0,Urban,Y
LP01820,Female,No,1,Not Graduate,No,59874,23000,3231,240,1.0,Rural,Y
LP01821,Female,Yes,3+,Graduate,Yes,22026,14000,1538,120,0.0,Semiurban,N
LP01822,Male,Yes,0,Not Graduate,Yes,59874,20000,3513,180,1.0,Semiurban,Y
LP01823,Female,Yes,0,Not Graduate,No,22026,0,3051,180,1.0,Urban,Y
LP01824,Male,Yes,2,Not Graduate,No,59874,31000,3358,360,1.0,Urban,Y
LP01825,Male,Yes,1,Graduate,Yes,442413,0,2784,120,1.0,Semiurban,Y
LP01826,Female,Yes,2,Not Graduate,No,59874,16000,1318,300,1.0,Rural,Y
LP01827,Male,Yes,2,Not Graduate,No,22026,16000,1279,180,1.0,Rural,Y
LP01828,Male,Yes,1,Graduate,No,59874,27000,1843,180,1.0,Semiurban,Y
LP01829,Male,Yes,2,Not Graduate,No,59874,0,633,240,1.0,Rural,Y
LP01830,Male,No,0,Graduate,No,59874,0,2648,180,1.0,Semiurban,Y
LP01831,Female,Yes,1,Not Graduate,No,442413,104000,10939,240,1.0,Urban,Y
LP01832,Male,Yes,2,Graduate,No,162754,92000,3305,120,1.0,Semiurban,Y
LP01833,Male,Yes,0,Graduate,No,162754,0,7603,360,1.0,Semiurban,Y
LP01834,Female,No,2,Graduate,No,8103,0,1514,360,0.0,Semiurban,N
LP01835,Female,Yes,1,Not Graduate,No,162754,115000,8614,180,1.0,Urban,Y
LP01836,Male,No,0,Graduate,No,162754,99000,9430,300,1.0,Semiurban,Y
LP01837,Male,Yes,1,Graduate,Yes,59874,38000,2304,240,1.0,Semiurban,Y
LP01838,Female,Yes,0,Graduate,No,162754,0,6573,180,1.0,Semiurban,Y
LP01839,Female,Yes,0,Graduate,No,59874,0,3279,180,1.0,Urban,Y
LP01840,Male,Yes,2,Graduate,No,8103,0,1585,360,1.0,Semiurban,Y
LP01841,Male,Yes,2,Graduate,No,8103,0,1530,120,1.0,Semiurban,N
LP01842,Male,Yes,1,Graduate,No,59874,35000,2201,180,0.0,Rural,N
LP01843,Male,Yes,2,Graduate,No,22026,0,1575,360,1.0,Semiurban,Y
LP01844,Male,Yes,1,Graduate,No,22026,0,3055,120,1.0,Urban,Y
LP01845,Male,No,0,Graduate,No,8103,0,1510,240,1.0,Semiurban,Y
LP01846,Male,Yes,1,Graduate,No,162754,0,3382,300,1.0,Semiurban,Y
LP01847,Male,Yes,0,Graduate,No,162754,46000,4970,300,1.0,Urban,Y
LP01848,Male,No,3+,Graduate,No,22026,0,3067,360,1.0,Urban,Y
LP01849,Male,No,0,Graduate,No,162754,0,2973,120,1.0,Rural,Y
LP01850,Male,Yes,0,Graduate,No,162754,50000,6068,120,1.0,Urban,Y
LP01851,Male,Yes,1,Graduate,No,59874,26000,2706,300,0.0,Rural,N
LP01852,Male,Yes,1,Graduate,No,22026,17000,3051,180,1.0,Urban,Y
LP01853,Female,Yes,0,Not Graduate,No,442413,264000,18812,180,0.0,Urban,N
LP01854,Male,Yes,0,Graduate,No,22026,0,3020,360,1.0,Urban,Y
LP01855,Male,Yes,0,Graduate,No,442413,216000,4807,300,1.0,Rural,Y
LP01856,Female,No,1,Graduate,No,8103,2000,1514,120,1.0,Semiurban,N
LP01857,Female,No,3+,Graduate,No,59874,47000,1815,300,1.0,Semiurban,Y
LP01858,Female,No,1,Graduate,No,22026,9000,3057,240,0.0,Urban,N
LP01859,Female,No,0,Graduate,No,442413,0,4754,180,1.0,Urban,Y
LP01860,Male,No,1,Graduate,Yes,59874,16000,3330,180,1.0,Rural,Y
LP01861,Female,No,0,Graduate,No,162754,0,3461,360,1.0,Urban,Y
LP01862,Female,Yes,2,Graduate,No,442413,332000,3526,360,1.0,Semiurban,Y
LP01863,Female,No,0,Graduate,Yes,442413,161000,9037,360,1.0,Urban,Y
LP01864,Female,No,3+,Graduate,No,59874,48000,3162,180,0.0,Semiurban,N
LP01865,Male,Yes,0,Graduate,No,59874,0,3096,180,1.0,Urban,Y
LP01866,Male,No,2,Graduate,No,162754,74000,7436,240,0.0,Semiurban,N
LP01867,Male,Yes,1,Not Graduate,Yes,162754,78000,3192,180,1.0,Rural,Y
LP01868,Male,Yes,3+,Graduate,No,22026,6000,3090,180,1.0,Urban,Y
LP01869,Male,No,0,Graduate,No,442413,322000,2504,180,1.0,Semiurban,Y
LP01870,Male,Yes,3+,Graduate,No,22026,0,1534,360,1.0,Semiurban,Y
LP01871,Female,Yes,2,Graduate,No,59874,37000,1983,120,1.0,Semiurban,Y
LP01872,Female,Yes,0,Graduate,No,59874,37000,3478,180,1.0,Urban,Y
LP01873,Male,Yes,0,Graduate,Yes,22026,0,1585,120,0.0,Semiurban,N
LP01874,Male,Yes,1,Graduate,No,22026,0,1228,300,1.0,Rural,Y
LP01875,Male,No,1,Graduate,Yes,22026,6000,3080,120,0.0,Urban,N
LP01876,Female,No,2,Not Graduate,No,59874,0,3181,300,1.0,Urban,Y
LP01877,Male,Yes,0,Graduate,No,442413,116000,7746,360,1.0,Semiurban,Y
LP01878,Male,No,1,Graduate,No,59874,32000,1585,240,1.0,Semiurban,Y
LP01879,Male,No,0,Not Graduate,Yes,162754,93000,2728,240,0.0,Rural,N
LP01880,Female,Yes,1,Not Graduate,No,22026,0,1551,300,1.0,Semiurban,Y
LP01881,Male,Yes,1,Graduate,Yes,59874,46000,2625,180,0.0,Semiurban,N
LP01882,Male,Yes,3+,Graduate,No,22026,10000,1555,120,1.0,Semiurban,Y
LP01883,Male,Yes,1,Graduate,Yes,162754,102000,1340,300,1.0,Rural,Y
LP01884,Male,Yes,2,Graduate,No,8103,3000,1592,360,1.0,Semiurban,Y
LP01885,Male,No,3+,Graduate,No,59874,48000,1827,240,1.0,Rural,Y
LP01886,Male,No,1,Not Graduate,No,22026,16000,3055,360,1.0,Urban,Y
LP01887,Female,Yes,0,Graduate,No,8103,0,3068,180,1.0,Urban,N
LP01888,Female,No,3+,Graduate,No,59874,22000,3416,180,0.0,Urban,N
LP01889,Female,No,0,Graduate,No,22026,6000,1573,360,1.0,Semiurban,Y
LP01890,Male,Yes,2,Graduate,No,442413,181000,9279,300,1.0,Semiurban,Y
LP01891,Male,Yes,0,Not Graduate,No,22026,8000,3099,360,1.0,Urban,Y
LP01892,Male,Yes,2,Graduate,No,59874,44000,2400,300,0.0,Semiurban,N
LP01893,Female,Yes,2,Graduate,No,22026,0,3056,300,1.0,Urban,Y
LP01894,Female,Yes,3+,Graduate,No,442413,270000,2836,180,0.0,Rural,N
LP01895,Female,Yes,1,Graduate,No,442413,297000,3689,300,1.0,Rural,Y
LP01896,Male,Yes,3+,Graduate,No,59874,0,3324,120,1.0,Urban,Y
LP01897,Female,No,0,Graduate,Yes,162754,0,9523,120,1.0,Urban,Y
LP01898,Male,No,2,Graduate,No,59874,0,1238,240,0.0,Rural,N
LP01899,Female,Yes,1,Not Graduate,No,59874,21000,2837,120,1.0,Rural,Y
LP01900,Female,Yes,2,Graduate,No,162754,104000,3658,240,1.0,Urban,Y
LP01901,Male,No,1,Not Graduate,No,22026,11000,595,300,1.0,Rural,Y
LP01902,Male,Yes,2,Not Graduate,No,162754,47000,1759,360,1.0,Semiurban,Y
LP01903,Female,Yes,0,Graduate,No,59874,0,2448,180,1.0,Semiurban,Y
LP01904,Male,No,2,Graduate,No,59874,14000,2952,120,1.0,Semiurban,Y
LP01905,Female,Yes,1,Graduate,No,59874,0,3503,300,1.0,Rural,Y
LP01906,Male,Yes,0,Graduate,No,22026,7000,3100,180,1.0,Urban,Y
LP01907,Female,No,3+,Graduate,No,162754,117000,6455,300,1.0,Semiurban,Y
LP01908,Male,Yes,0,Graduate,No,442413,230000,14444,120,1.0,Urban,Y
LP01909,Female,Yes,1,Graduate,No,59874,34000,2743,360,1.0,Semiurban,Y
LP01910,Female,No,1,Graduate,No,442413,0,4413,240,1.0,Semiurban,Y
LP01911,Male,No,1,Graduate,No,162754,0,4712,120,0.0,Semiurban,N
LP01912,Male,Yes,2,Not Graduate,Yes,22026,0,1262,300,0.0,Rural,N
LP01913,Female,No,2,Not Graduate,Yes,59874,0,3089,120,1.0,Urban,Y
LP01914,Male,No,1,Graduate,Yes,22026,8000,3056,300,1.0,Urban,Y
LP01915,Female,Yes,0,Not Graduate,No,162754,0,8164,300,1.0,Semiurban,Y
LP01916,Female,Yes,3+,Graduate,No,59874,34000,1593,360,1.0,Rural,Y
LP01917,Male,Yes,0,Graduate,No,22026,9000,3088,300,1.0,Urban,Y
LP01918,Female,No,2,Graduate,Yes,162754,73000,4031,360,1.0,Urban,Y
LP01919,Male,No,1,Graduate,Yes,162754,0,749,180,1.0,Rural,Y
LP01920,Female,No,2,Graduate,No,162754,94000,4060,300,1.0,Urban,Y
LP01921,Male,Yes,2,Graduate,Yes,162754,0,4541,240,1.0,Rural,Y
LP01922,Male,Yes,1,Graduate,No,162754,119000,1707,120,0.0,Rural,N
LP01923,Female,Yes,2,Graduate,No,442413,0,12844,240,0.0,Urban,N
LP01924,Male,No,3+,Graduate,No,22026,11000,3050,300,0.0,Urban,N
LP01925,Male,Yes,3+,Graduate,No,22026,11000,1556,360,1.0,Semiurban,Y
LP01926,Female,No,1,Graduate,No,22026,6000,1502,360,0.0,Semiurban,N
LP01927,Female,No,2,Graduate,Yes,162754,121000,9174,120,1.0,Urban,Y
LP01928,Male,Yes,2,Graduate,No,442413,0,6248,180,1.0,Semiurban,Y
LP01929,Male,No,0,Not Graduate,No,59874,33000,3512,120,1.0,Rural,Y
LP01930,Male,No,0,Not Graduate,No,59874,41000,3564,360,1.0,Rural,Y
LP01931,Female,Yes,2,Graduate,No,162754,118000,4199,180,1.0,Semiurban,Y
LP01932,Male,Yes,0,Graduate,No,59874,0,3486,300,0.0,Semiurban,N
LP01933,Female,Yes,1,Graduate,No,59874,0,3445,240,1.0,Semiurban,Y
LP01934,Male,No,0,Graduate,No,162754,80000,8804,360,1.0,Urban,Y
LP01935,Male,No,0,Graduate,No,442413,174000,3430,120,1.0,Semiurban,Y
LP01936,Male,Yes,1,Not Graduate,Yes,59874,0,3304,300,1.0,Semiurban,Y
LP01937,Male,No,0,Not Graduate,No,162754,0,6244,120,1.0,Urban,Y
LP01938,Female,Yes,2,Graduate,No,162754,54000,4371,360,1.0,Urban,Y
LP01939,Male,Yes,1,Not Graduate,No,442413,346000,1632,240,1.0,Semiurban,Y
LP01940,Male,No,0,Graduate,No,162754,80000,6846,240,1.0,Semiurban,Y
LP01941,Male,Yes,0,Graduate,No,59874,42000,2064,300,1.0,Semiurban,Y
LP01942,Male,No,2,Graduate,No,162754,67000,9052,300,1.0,Urban,Y
LP01943,Female,No,1,Graduate,No,442413,314000,2514,180,0.0,Rural,N
LP01944,Female,Yes,0,Graduate,No,442413,224000,15957,240,1.0,Urban,Y
LP01945,Male,No,0,Graduate,No,162754,92000,8972,120,1.0,Semiurban,Y
LP01946,Female,Yes,0,Graduate,No,59874,0,3182,360,1.0,Urban,Y
LP01947,Female,Yes,2,Graduate,No,22026,12000,3061,120,1.0,Urban,Y
LP01948,Male,No,0,Not Graduate,No,162754,0,1931,300,0.0,Rural,N
LP01949,Female,No,0,Graduate,No,442413,0,7165,120,1.0,Semiurban,Y
LP01950,Female,No,0,Not Graduate,No,162754,58000,5799,120,1.0,Semiurban,Y
LP01951,Male,Yes,3+,Graduate,No,22026,14000,1539,300,1.0,Semiurban,Y
LP01952,Male,Yes,2,Graduate,No,442413,0,7136,360,1.0,Semiurban,Y
LP01953,Male,No,1,Graduate,No,59874,45000,2292,120,1.0,Semiurban,Y
LP01954,Female,No,0,Graduate,Yes,59874,35000,3260,120,1.0,Urban,Y
LP01955,Male,Yes,2,Not Graduate,No,22026,0,542,240,1.0,Rural,Y
LP01956,Male,No,0,Graduate,No,8103,0,584,120,0.0,Rural,N
LP01957,Female,Yes,0,Graduate,No,59874,33000,2780,360,1.0,Semiurban,Y
LP01958,Male,No,1,Not Graduate,No,162754,99000,4743,240,1.0,Semiurban,Y
LP01959,Male,Yes,3+,Not Graduate,No,8103,0,1568,360,1.0,Semiurban,Y
LP01960,Male,Yes,0,Graduate,Yes,22026,7000,3078,240,1.0,Urban,Y
LP01961,Male,No,0,Graduate,No,59874,0,1591,240,1.0,Semiurban,Y
LP01962,Female,No,3+,Graduate,No,162754,48000,4352,120,0.0,Semiurban,N
LP01963,Male,No,2,Graduate,No,442413,126000,4785,360,1.0,Rural,Y
LP01964,Female,No,3+,Not Graduate,Yes,59874,0,3084,300,0.0,Urban,N
LP01965,Male,No,1,Not Graduate,Yes,59874,39000,3270,300,1.0,Urban,Y
LP01966,Female,Yes,2,Graduate,No,162754,98000,3699,240,1.0,Urban,Y
LP01967,Female,Yes,3+,Not Graduate,Yes,162754,0,4772,360,1.0,Urban,Y
LP01968,Male,Yes,2,Graduate,No,22026,0,3033,120,1.0,Urban,Y
LP01969,Male,Yes,0,Graduate,Yes,22026,0,3000,180,1.0,Urban,Y
LP01970,Male,No,0,Graduate,No,59874,40000,2091,300,1.0,Semiurban,Y
LP01971,Male,Yes,2,Not Graduate,Yes,442413,0,9956,360,1.0,Semiurban,Y
LP01972,Male,No,0,Graduate,No,162754,58000,6827,300,1.0,Urban,Y
LP01973,Male,Yes,0,Not Graduate,No,59874,41000,3033,360,0.0,Urban,N
LP01974,Female,Yes,0,Not Graduate,No,162754,0,7623,120,1.0,Semiurban,Y
LP01975,Male,Yes,1,Graduate,No,22026,0,3008,180,1.0,Urban,Y
LP01976,Male,No,3+,Graduate,Yes,59874,32000,3466,360,1.0,Urban,Y
LP01977,Male,Yes,2,Not Graduate,No,22026,8000,1154,360,1.0,Rural,Y
LP01978,Female,Yes,0,Graduate,No,59874,0,2167,120,1.0,Semiurban,Y
LP01979,Male,No,2,Graduate,No,59874,33000,3579,300,1.0,Urban,Y
LP01980,Female,Yes,0,Not Graduate,Yes,8103,4000,1573,120,1.0,Semiurban,N
LP01981,Male,No,2,Graduate,Yes,59874,32000,2355,240,1.0,Semiurban,Y
LP01982,Female,Yes,2,Graduate,No,22026,0,1583,240,0.0,Semiurban,N
LP01983,Female,No,1,Graduate,No,59874,0,1424,180,1.0,Rural,Y
LP01984,Female,No,0,Not Graduate,No,442413,169000,4869,240,0.0,Rural,N
LP01985,Male,No,3+,Not Graduate,No,22026,0,3037,240,1.0,Urban,Y
LP01986,Female,No,1,Graduate,No,22026,0,1089,300,1.0,Rural,Y
LP01987,Male,Yes,0,Not Graduate,No,162754,0,4942,300,1.0,Semiurban,Y
LP01988,Female,No,1,Graduate,No,59874,42000,2245,300,0.0,Semiurban,N
LP01989,Female,No,1,Graduate,Yes,59874,28000,3368,300,1.0,Semiurban,Y
LP01990,Female,Yes,3+,Graduate,No,162754,123000,2899,120,1.0,Semiurban,Y
LP01991,Male,Yes,1,Graduate,No,59874,44000,3294,180,1.0,Urban,Y
LP01992,Female,Yes,0,Graduate,No,59874,44000,3579,300,0.0,Urban,N
LP01993,Male,Yes,3+,Graduate,No,59874,0,3312,180,1.0,Urban,Y
LP01994,Female,Yes,2,Not Graduate,No,162754,109000,5520,240,1.0,Semiurban,Y
LP01995,Female,Yes,2,Graduate,Yes,22026,0,3041,120,1.0,Urban,N
LP01996,Male,Yes,0,Graduate,No,59874,32000,3280,120,1.0,Rural,Y
LP01997,Male,Yes,0,Graduate,No,22026,14000,1073,240,1.0,Rural,Y
LP01998,Male,Yes,0,Not Graduate,No,59874,42000,1530,120,0.0,Rural,N
LP01999,Female,Yes,2,Graduate,No,59874,0,1534,300,1.0,Semiurban,Y
LP02000,Male,Yes,0,Graduate,Yes,59874,0,2102,120,1.0,Semiurban,Y
